Lines,Lon,VehicleNumber,Time,Lat,Brigade,Zespol,Slupek
213,21.102309,1000,2024-01-18 12:07:48,52.2228011,1,2148,04
213,21.1887935,1001,2024-01-18 12:13:44,52.1498486,4,2057,03
213,21.2326716,1001,2024-01-18 12:38:05,52.1763636,4,2376,02
219,21.1412788,1003,2024-01-18 12:05:41,52.1902285,2,2194,04
219,21.1608981,1004,2024-01-18 12:41:59,52.1852198,3,2422,02
213,21.188808,1006,2024-01-18 11:45:30,52.149863,3,2057,03
213,21.188808,1006,2024-01-18 11:47:31,52.149863,3,2057,03
213,21.188808,1006,2024-01-18 11:48:31,52.149863,3,2057,03
213,21.188808,1006,2024-01-18 11:49:32,52.149863,3,2057,03
213,21.188808,1006,2024-01-18 11:50:32,52.149863,3,2057,03
213,21.1079208,1006,2024-01-18 12:31:59,52.2124391,3,2385,01
213,21.1023415,1007,2024-01-18 12:19:47,52.222805,2,2148,04
L-8,20.9315941,10071,2024-01-18 12:37:01,52.3942426,1,1302,01
L31,21.0346306,10072,2024-01-18 12:36:59,52.4202441,1,1513,01
L31,21.0346081,10072,2024-01-18 12:38:06,52.4202381,1,1513,01
L31,21.0346228,10072,2024-01-18 12:39:02,52.4202436,1,1513,01
L31,21.0346308,10072,2024-01-18 12:42:02,52.4202256,1,1513,01
L49,20.941617,10073,2024-01-18 12:32:58,52.3681523,1,1479,02
311,21.0973598,1008,2024-01-18 11:54:41,52.2212126,501,2269,01
311,21.0897418,1008,2024-01-18 12:06:34,52.2311065,501,2417,01
311,21.0734295,1008,2024-01-18 12:32:06,52.2545143,501,2477,02
311,21.0734216,1008,2024-01-18 12:33:01,52.2545098,501,2477,02
311,21.0734003,1008,2024-01-18 12:35:01,52.2545138,501,2477,02
311,21.0734163,1008,2024-01-18 12:36:06,52.2545096,501,2477,02
311,21.0734285,1008,2024-01-18 12:38:11,52.2545095,501,2477,02
311,21.086199,1010,2024-01-18 11:56:38,52.2355516,502,2101,03
311,21.0942493,1010,2024-01-18 12:34:01,52.2280801,502,2149,02
311,21.0942205,1010,2024-01-18 12:36:06,52.2312306,502,2418,01
213,21.2201483,1012,2024-01-18 12:34:56,52.1573516,5,2164,02
311,21.0734153,1013,2024-01-18 11:58:40,52.2545118,503,2477,02
311,21.0734066,1013,2024-01-18 12:01:35,52.2544896,503,2477,02
311,21.073415,1013,2024-01-18 12:04:45,52.2544956,503,2477,02
311,21.073397,1013,2024-01-18 12:06:40,52.2544958,503,2477,02
311,21.0734028,1013,2024-01-18 12:07:45,52.2545103,503,2477,02
311,21.0734155,1013,2024-01-18 12:08:45,52.2545095,503,2477,02
108,21.062662,1030,2024-01-18 12:28:56,52.1861524,5,3064,04
204,21.030995,1047,2024-01-18 12:25:58,52.2935217,03,1085,13
204,21.030995,1047,2024-01-18 12:27:01,52.2935217,03,1085,13
204,21.030995,1047,2024-01-18 12:28:52,52.2935217,03,1085,13
204,21.030995,1047,2024-01-18 12:30:43,52.2935217,03,1085,13
204,21.030995,1047,2024-01-18 12:32:02,52.2935217,03,1085,13
204,21.030995,1047,2024-01-18 12:32:49,52.2935217,03,1085,13
204,21.030995,1047,2024-01-18 12:33:53,52.2935217,03,1085,13
204,21.030995,1047,2024-01-18 12:34:56,52.2935217,03,1085,13
204,21.030995,1047,2024-01-18 12:35:59,52.2935217,03,1085,13
204,21.030995,1047,2024-01-18 12:36:48,52.2935217,03,1085,13
204,21.030995,1047,2024-01-18 12:38:07,52.2935217,03,1085,13
204,21.030995,1047,2024-01-18 12:38:53,52.2935217,03,1085,13
208,20.975576,1053,2024-01-18 11:48:33,52.210301,2,4005,10
208,20.975568,1053,2024-01-18 11:49:33,52.210293,2,4005,10
208,20.975561,1053,2024-01-18 11:56:33,52.210288,2,4005,10
108,21.023487,1062,2024-01-18 12:30:57,52.228336,1,7040,06
107,21.005865,1065,2024-01-18 12:28:56,52.238655,6,7015,01
108,21.042965,1066,2024-01-18 12:01:31,52.175648,3,3039,04
108,21.0459257,1071,2024-01-18 12:27:01,52.2151884,399,7073,01
107,21.046384,1075,2024-01-18 12:05:40,52.1994975,9,3088,02
123,21.0500175,1118,2024-01-18 11:53:38,52.253012,6,1028,11
123,21.0853481,1118,2024-01-18 12:14:52,52.2230075,6,2252,02
123,21.1017845,1118,2024-01-18 12:18:55,52.2234935,6,2148,08
L48,21.2846673,11201,2024-01-18 12:28:55,52.22076,1,2305,04
L27,21.1977668,11202,2024-01-18 12:36:04,52.3486675,1,1709,01
L27,21.2146006,11202,2024-01-18 12:41:58,52.3401338,1,1710,02
251,21.1166779,1200,2024-01-18 12:28:56,52.0966871,65,3193,02
106,21.0173006,1201,2024-01-18 12:00:40,52.2392022,2,7044,02
263,21.041691,1203,2024-01-18 12:19:55,52.148277,2,3139,02
218,21.0242135,1209,2024-01-18 12:01:37,52.1798416,1,3009,17
166,21.0682581,1212,2024-01-18 12:30:58,52.129222,6,3400,04
166,21.0682749,1212,2024-01-18 12:32:04,52.1292179,6,3400,04
166,21.0682647,1212,2024-01-18 12:32:58,52.1292202,6,3400,04
166,21.0682547,1212,2024-01-18 12:34:05,52.1292365,6,3400,04
166,21.0682542,1212,2024-01-18 12:36:07,52.1292431,6,3400,04
166,21.0682732,1212,2024-01-18 12:37:01,52.1292337,6,3400,04
166,21.0682589,1212,2024-01-18 12:38:08,52.1292239,6,3400,04
166,21.0682534,1212,2024-01-18 12:39:03,52.1292327,6,3400,04
166,21.0682512,1212,2024-01-18 12:40:08,52.1292385,6,3400,04
166,21.0682731,1212,2024-01-18 12:41:58,52.1292192,6,3400,04
263,21.094385,1216,2024-01-18 12:23:01,52.185802,1,3318,01
263,21.060266,1216,2024-01-18 12:34:03,52.184605,1,3092,02
251,21.1028845,1221,2024-01-18 11:55:43,52.1232907,64,3050,04
263,21.108995,1223,2024-01-18 11:50:33,52.164631,3,3150,02
263,21.109005,1223,2024-01-18 12:36:05,52.164646,3,3150,02
240,21.0546861,1400,2024-01-18 11:49:33,52.2962933,1,1319,01
240,21.1190333,1400,2024-01-18 12:21:52,52.3382421,1,1240,03
240,21.1190211,1400,2024-01-18 12:22:57,52.3382673,1,1240,03
146,21.204591,1411,2024-01-18 12:17:45,52.159466,2,2052,04
146,21.204591,1411,2024-01-18 12:18:46,52.159466,2,2052,04
146,21.204583,1411,2024-01-18 12:19:46,52.159468,2,2052,04
146,21.20457,1411,2024-01-18 12:21:46,52.159473,2,2052,04
146,21.20457,1411,2024-01-18 12:22:46,52.159473,2,2052,04
146,21.127703,1411,2024-01-18 12:39:02,52.187927,2,2211,02
173,21.187552,1412,2024-01-18 11:47:32,52.246948,3,2277,01
173,21.125994,1412,2024-01-18 12:01:37,52.234833,3,2015,01
173,21.2175366,1415,2024-01-18 12:18:59,52.2144052,7,2440,03
173,21.2175264,1415,2024-01-18 12:19:52,52.2144102,7,2440,03
119,21.205616,1416,2024-01-18 12:38:07,52.210072,4,2034,01
119,21.20562,1416,2024-01-18 12:39:02,52.210087,4,2034,01
119,21.2056327,1416,2024-01-18 12:45:08,52.2100939,4,2034,01
146,21.109489,1417,2024-01-18 11:47:36,52.20826,5,2207,02
146,21.104435,1417,2024-01-18 11:48:36,52.212482,5,2206,02
146,21.0698,1417,2024-01-18 11:53:40,52.2217,5,2203,02
146,21.0433259,1417,2024-01-18 12:05:40,52.2460132,5,1231,02
147,21.053919,1422,2024-01-18 12:09:45,52.234524,1,2153,01
147,21.072319,1422,2024-01-18 12:15:45,52.225098,1,2143,01
147,21.223474,1424,2024-01-18 11:52:30,52.217686,4,2346,02
147,21.1756757,1424,2024-01-18 12:13:49,52.2061917,4,2028,01
147,21.158981,1424,2024-01-18 12:18:58,52.203022,4,2218,01
115,21.159655,1426,2024-01-18 12:00:41,52.25782,3,2070,06
115,21.1703112,1426,2024-01-18 12:27:00,52.2770596,3,2220,03
153,21.177177,1428,2024-01-18 11:45:33,52.256893,2,2086,02
153,21.177181,1428,2024-01-18 11:48:40,52.256882,2,2086,02
153,21.15835,1428,2024-01-18 11:59:35,52.273262,2,2094,01
153,21.177151,1428,2024-01-18 12:21:53,52.256889,2,2086,02
153,21.177155,1428,2024-01-18 12:23:00,52.256886,2,2086,02
153,21.1771627,1428,2024-01-18 12:32:59,52.2568894,2,2086,02
153,21.177158,1428,2024-01-18 12:34:01,52.256893,2,2086,02
147,21.090591,1429,2024-01-18 11:51:39,52.221577,5,2313,01
147,21.158964,1429,2024-01-18 12:05:40,52.203007,5,2218,01
147,21.243006,1429,2024-01-18 12:23:54,52.21925,5,2275,03
147,21.2430099,1429,2024-01-18 12:27:02,52.2192499,5,2275,03
147,21.2429977,1429,2024-01-18 12:28:54,52.2192537,5,2275,03
147,21.242987,1429,2024-01-18 12:30:57,52.219231,5,2275,03
147,21.242998,1429,2024-01-18 12:32:03,52.219227,5,2275,03
123,21.0557641,1508,2024-01-18 11:47:27,52.2385331,07,2138,02
240,21.078636,1519,2024-01-18 12:07:31,52.322474,2,1202,01
146,21.052456,1520,2024-01-18 12:07:42,52.250286,4,2120,01
115,21.16104,1529,2024-01-18 12:21:46,52.25888,2,2083,01
115,21.1749167,1529,2024-01-18 12:33:59,52.2501017,2,2322,02
115,21.157168,1530,2024-01-18 11:54:36,52.257404,1,2070,04
115,21.156571,1530,2024-01-18 12:14:38,52.238639,1,2064,05
118,21.0153967,1532,2024-01-18 12:00:24,52.2195,4,7006,09
218,21.0241933,1534,2024-01-18 11:47:35,52.179745,5,3009,16
218,21.0241933,1534,2024-01-18 11:48:39,52.179745,5,3009,16
218,21.0247617,1535,2024-01-18 11:55:43,52.1907533,4,3007,02
218,21.0247717,1535,2024-01-18 11:56:30,52.1907517,4,3007,02
218,21.0247717,1535,2024-01-18 11:58:36,52.1907517,4,3007,02
218,21.0247717,1535,2024-01-18 11:59:23,52.1907517,4,3007,02
218,21.0247717,1535,2024-01-18 12:00:27,52.1907517,4,3007,02
218,21.0247717,1535,2024-01-18 12:01:30,52.1907517,4,3007,02
218,21.0247717,1535,2024-01-18 12:04:38,52.1907517,4,3007,02
218,21.0247717,1535,2024-01-18 12:05:41,52.1907517,4,3007,02
218,21.0247717,1535,2024-01-18 12:06:28,52.1907517,4,3007,02
218,21.0247717,1535,2024-01-18 12:07:32,52.1907517,4,3007,02
218,21.0247717,1535,2024-01-18 12:08:33,52.1907517,4,3007,02
122,20.9815117,1539,2024-01-18 11:47:23,52.2745217,5,6077,01
173,21.1991233,1543,2024-01-18 11:52:26,52.247725,8,2278,02
173,21.2320733,1544,2024-01-18 12:26:54,52.2501267,10,2283,01
338,21.027165,1545,2024-01-18 12:30:42,52.259929,02,1005,18
338,21.027171,1545,2024-01-18 12:32:02,52.259938,02,1005,18
338,21.027171,1545,2024-01-18 12:32:42,52.259938,02,1005,18
338,21.027178,1545,2024-01-18 12:34:02,52.259929,02,1005,18
338,21.027178,1545,2024-01-18 12:34:42,52.259929,02,1005,18
338,21.027165,1545,2024-01-18 12:36:02,52.259933,02,1005,18
338,21.027165,1545,2024-01-18 12:36:42,52.259933,02,1005,18
123,21.08416,1546,2024-01-18 11:48:34,52.2526317,2,2121,02
123,21.0871367,1546,2024-01-18 11:53:36,52.2449917,2,2008,22
123,21.0571183,1546,2024-01-18 12:45:09,52.2372617,2,2138,01
170,21.0834633,1555,2024-01-18 12:06:33,52.2749483,2,1481,01
170,21.021838,1555,2024-01-18 12:38:59,52.262573,2,1006,09
166,21.0297041,1807,2024-01-18 12:18:56,52.2614486,2,1005,07
166,21.0412033,1808,2024-01-18 12:14:54,52.1693868,7,3098,03
122,20.9288256,1809,2024-01-18 11:50:32,52.2641313,7,5062,01
122,20.945656,1809,2024-01-18 11:56:32,52.2651676,7,6155,01
122,20.945569,1809,2024-01-18 12:41:56,52.266015,7,6155,03
170,21.0937296,1812,2024-01-18 12:15:52,52.2709685,3,1051,01
170,21.0833706,1812,2024-01-18 12:27:02,52.2721066,3,1689,01
303,20.9864165,1816,2024-01-18 11:51:34,52.2693618,2,6003,18
303,20.9126101,1818,2024-01-18 12:08:41,52.3100923,1,6062,02
702,21.1260115,1830,2024-01-18 12:24:58,52.2348338,2,2015,01
156,21.0597205,1833,2024-01-18 12:15:47,52.2693501,2,1055,04
156,21.0219193,1833,2024-01-18 12:38:06,52.2866373,2,1157,02
126,20.9527586,1844,2024-01-18 12:07:41,52.317248,2,1277,09
126,20.968386,1844,2024-01-18 12:28:51,52.319472,2,1219,01
197,20.9506935,1846,2024-01-18 11:47:35,52.2714241,6,6087,02
722,21.088145,1851,2024-01-18 12:24:59,52.2446395,61,2008,14
173,21.0743766,1859,2024-01-18 11:45:30,52.2505711,1,2116,02
117,21.034936,1869,2024-01-18 12:11:46,52.234773,5,7003,02
222,21.023186,1901,2024-01-18 12:39:02,52.202217,4,3004,01
222,21.010769,1904,2024-01-18 11:49:36,52.19257,1,3233,02
222,20.995419,1904,2024-01-18 12:08:39,52.191418,1,3256,01
222,21.024473,1904,2024-01-18 12:19:54,52.195221,1,3006,02
222,21.02289,1904,2024-01-18 12:25:02,52.206123,1,3003,02
222,21.021984,1911,2024-01-18 12:11:51,52.214409,3,3001,03
106,20.965124,1912,2024-01-18 11:55:39,52.240154,5,5112,01
106,21.0279232,1912,2024-01-18 12:23:02,52.2386181,5,7062,02
106,20.965061,1913,2024-01-18 11:58:37,52.240875,1,5112,02
106,20.965122,1913,2024-01-18 12:25:02,52.240147,1,5112,01
106,20.987061,1913,2024-01-18 12:34:02,52.234024,1,5193,01
222,21.016352,1914,2024-01-18 12:09:48,52.222847,6,7011,08
106,21.01923,1916,2024-01-18 12:25:58,52.237244,4,7043,04
189,20.896448,2005,2024-01-18 12:10:43,52.23518,8,5049,01
189,21.053751,2007,2024-01-18 12:30:55,52.180328,5,3093,01
522,21.0152627,2009,2024-01-18 12:36:07,52.2187589,1,7006,05
189,20.986912,2010,2024-01-18 12:11:49,52.181709,14,3254,02
189,20.9962474,2012,2024-01-18 12:14:57,52.1885299,025,R-07,99
709,21.019499,2013,2024-01-18 12:09:46,52.172302,3,3011,01
514,21.0880124,2014,2024-01-18 12:37:00,52.2362007,4,2101,01
504,20.995554,2016,2024-01-18 12:32:58,52.179459,2,3251,03
525,21.19661,2017,2024-01-18 11:47:35,52.208302,1,2032,01
525,21.1966306,2017,2024-01-18 11:48:43,52.2082976,1,2032,01
525,21.1966242,2017,2024-01-18 11:49:37,52.2082929,1,2032,01
L50,21.2343995,20172,2024-01-18 12:40:08,52.1366265,1,2353,03
L50,21.2344018,20174,2024-01-18 12:09:46,52.1366055,2,2353,03
L50,21.2343761,20174,2024-01-18 12:13:48,52.1366273,2,2353,03
174,20.9998219,2025,2024-01-18 11:59:36,52.2312244,5,7088,10
174,21.002085,2025,2024-01-18 12:05:41,52.227005,5,7002,05
136,21.026901,2033,2024-01-18 11:51:39,52.163548,1,3298,01
504,20.988153,2034,2024-01-18 11:45:33,52.215557,9,4029,01
189,21.025373,2037,2024-01-18 12:32:03,52.173473,1,3279,02
174,21.004366,2039,2024-01-18 12:00:28,52.17121,3,3266,01
136,20.9962511,2046,2024-01-18 12:32:59,52.1885339,013,R-07,99
317,21.084362,2205,2024-01-18 12:07:40,52.167957,3,3044,06
317,21.084366,2205,2024-01-18 12:09:48,52.167961,3,3044,06
317,21.08436,2205,2024-01-18 12:11:50,52.16795,3,3044,06
177,20.9148202,2217,2024-01-18 12:14:56,52.2310639,3,5059,01
177,20.8932166,2217,2024-01-18 12:25:56,52.2090752,3,4224,05
177,20.867544,2217,2024-01-18 12:37:01,52.194717,3,4343,01
177,20.8686417,2217,2024-01-18 12:39:03,52.1923045,3,4342,54
171,21.043383,2221,2024-01-18 11:50:17,52.222851,452,7076,06
171,21.043383,2221,2024-01-18 11:51:38,52.222851,452,7076,06
171,21.043376,2221,2024-01-18 11:52:18,52.222861,452,7076,06
171,21.043376,2221,2024-01-18 11:53:39,52.222861,452,7076,06
171,21.043375,2221,2024-01-18 11:54:19,52.222866,452,7076,06
171,21.043375,2221,2024-01-18 11:55:40,52.222866,452,7076,06
171,21.043369,2221,2024-01-18 11:56:20,52.222871,452,7076,06
171,21.043368,2221,2024-01-18 11:58:21,52.222873,452,7076,06
171,21.043368,2221,2024-01-18 11:59:22,52.222873,452,7076,06
171,21.043366,2221,2024-01-18 12:00:22,52.222876,452,7076,06
171,21.043366,2221,2024-01-18 12:01:23,52.222876,452,7076,06
171,21.043371,2221,2024-01-18 12:04:25,52.222863,452,7076,06
171,21.043371,2221,2024-01-18 12:05:25,52.222863,452,7076,06
171,21.043371,2221,2024-01-18 12:06:26,52.222851,452,7076,06
171,21.043371,2221,2024-01-18 12:07:26,52.222851,452,7076,06
719,20.841967,2224,2024-01-18 12:25:59,52.250717,4,6115,01
716,20.895304,2225,2024-01-18 11:49:35,52.216576,61,5192,02
716,20.878778,2225,2024-01-18 11:59:36,52.197708,61,4218,02
716,20.844736,2225,2024-01-18 12:28:56,52.186676,61,4230,01
401,21.047846,2230,2024-01-18 12:05:41,52.162468,3,3100,01
517,21.043293,2231,2024-01-18 12:45:09,52.2229876,3,7076,07
184,20.9673569,2233,2024-01-18 11:58:40,52.2128442,3,4154,03
184,20.9607212,2233,2024-01-18 12:25:58,52.2171864,3,4045,06
172,20.978653,2236,2024-01-18 12:34:59,52.200268,2,4112,02
172,20.989405,2236,2024-01-18 12:40:08,52.19733,2,3326,01
401,20.895477,2240,2024-01-18 11:52:35,52.193459,7,4123,02
177,20.868639,2241,2024-01-18 12:25:00,52.192303,2,4342,54
177,20.868601,2241,2024-01-18 12:25:56,52.192299,2,4342,54
177,20.86862,2241,2024-01-18 12:32:54,52.192295,2,4342,54
177,20.868629,2241,2024-01-18 12:34:56,52.192295,2,4342,54
187,20.9763766,2244,2024-01-18 12:00:42,52.2180364,12,4116,02
187,20.92695,2244,2024-01-18 12:13:50,52.196198,12,4049,04
517,21.0433136,2247,2024-01-18 12:00:42,52.2229739,10,7076,07
517,21.0433252,2247,2024-01-18 12:09:47,52.2229972,10,7076,07
517,21.0433064,2247,2024-01-18 12:10:44,52.2230014,10,7076,07
517,21.0433261,2247,2024-01-18 12:14:57,52.2229884,10,7076,07
517,21.0433231,2247,2024-01-18 12:15:52,52.2229764,10,7076,07
172,20.979265,2249,2024-01-18 12:28:56,52.201862,5,4112,01
172,20.9755661,2249,2024-01-18 12:34:59,52.2115696,5,4005,06
172,20.9695384,2249,2024-01-18 12:37:01,52.2149647,5,4154,04
172,20.9603622,2249,2024-01-18 12:45:08,52.2112537,5,4082,01
517,20.983362,2250,2024-01-18 12:07:43,52.219181,8,4003,02
517,20.9427361,2250,2024-01-18 12:17:53,52.2057869,8,4047,02
517,20.907101,2250,2024-01-18 12:28:55,52.192585,8,4094,04
177,20.894312,2255,2024-01-18 11:48:42,52.210033,4,4224,06
177,20.897554,2255,2024-01-18 11:52:35,52.221409,4,5045,02
177,20.896851,2255,2024-01-18 12:41:56,52.226871,4,5047,01
188,20.9881394,2258,2024-01-18 12:32:03,52.2155582,6,4029,01
L20,21.4116741,25183,2024-01-18 11:54:38,52.1345145,1,2339,01
L20,21.263026,25183,2024-01-18 12:34:03,52.1077783,1,2358,01
L22,21.2791085,25184,2024-01-18 12:15:54,52.1164093,2,2820,01
L22,21.2925418,25185,2024-01-18 11:51:36,52.1740005,1,2325,71
L22,21.292514,25185,2024-01-18 11:55:42,52.1740166,1,2325,71
L22,21.2925293,25185,2024-01-18 12:08:39,52.1739998,1,2325,71
L22,21.2925096,25185,2024-01-18 12:13:52,52.1740216,1,2325,71
L22,21.2925451,25185,2024-01-18 12:14:58,52.1740096,1,2325,71
L22,21.2925271,25185,2024-01-18 12:17:53,52.1740264,1,2325,71
L22,21.2925198,25185,2024-01-18 12:25:03,52.1740123,1,2325,71
L20,21.3240878,25186,2024-01-18 11:49:35,52.1120233,2,2812,01
L51,21.256347,25188,2024-01-18 11:45:30,52.080705,1,2360,01
L51,21.244608,25188,2024-01-18 11:48:40,52.07767,1,2863,01
L51,21.2391543,25188,2024-01-18 11:51:40,52.0875803,1,2865,01
L51,21.2628856,25188,2024-01-18 12:28:53,52.1080318,1,2358,02
L51,21.2629106,25188,2024-01-18 12:32:03,52.1080338,1,2358,02
L51,21.2629143,25188,2024-01-18 12:32:59,52.1080481,1,2358,02
190,21.0526321,3402,2024-01-18 11:49:33,52.2626016,8,1301,01
162,21.0850366,3413,2024-01-18 12:21:52,52.193335,3,3079,03
Z26,20.9301685,3414,2024-01-18 12:25:00,52.2248481,2,5011,07
Z26,20.9301581,3414,2024-01-18 12:25:55,52.224846,2,5011,07
132,21.06036,3420,2024-01-18 11:47:35,52.3151,2,1359,02
245,21.1310816,3423,2024-01-18 12:41:58,52.2805899,2,1474,03
511,20.927976,3425,2024-01-18 11:54:30,52.291299,3,6059,18
511,20.927976,3425,2024-01-18 11:55:30,52.291299,3,6059,18
245,21.13105,3427,2024-01-18 12:23:01,52.2805869,1,1474,03
731,21.0007551,3430,2024-01-18 12:36:04,52.291312,499,1013,11
731,21.000774,3430,2024-01-18 12:36:59,52.2913273,499,1013,11
520,21.002111,3434,2024-01-18 11:58:41,52.243103,5,7016,01
520,21.002127,3434,2024-01-18 12:07:41,52.243095,5,7016,01
140,21.0527808,3442,2024-01-18 12:34:01,52.2766688,3,1140,09
738,21.0880643,3444,2024-01-18 11:55:43,52.3026013,1,1235,01
738,21.0678076,3444,2024-01-18 12:25:00,52.2775245,1,1057,02
738,21.089489,3444,2024-01-18 12:32:03,52.3039331,1,1235,02
731,20.93926,3445,2024-01-18 11:45:28,52.4212846,477,1379,03
509,20.94059,3448,2024-01-18 11:54:37,52.3268841,2,1298,01
509,20.983943,3448,2024-01-18 12:06:37,52.3072493,2,1017,01
738,21.1768615,3451,2024-01-18 11:53:42,52.4107296,2,1724,01
738,21.1133833,3451,2024-01-18 12:11:47,52.3333446,2,1239,01
190,21.0852255,3452,2024-01-18 12:07:42,52.3050218,2,1234,02
245,21.0417318,3458,2024-01-18 12:07:45,52.3004481,3,1152,03
731,20.9463616,3460,2024-01-18 12:38:07,52.3628976,480,1514,02
145,21.0882003,3464,2024-01-18 11:45:15,52.2447383,2,2008,16
145,21.0881626,3464,2024-01-18 11:50:30,52.2447295,2,2008,16
L-5,21.029467,35132,2024-01-18 12:22:58,52.0748125,1,3701,71
L-5,21.0294821,35132,2024-01-18 12:36:07,52.0748046,1,3701,71
L12,20.9232536,35137,2024-01-18 11:55:41,52.0359696,683,3827,01
L12,20.9899711,35137,2024-01-18 12:32:04,52.0493348,683,3172,02
L-5,20.973597,35140,2024-01-18 11:59:34,52.0581271,2,3838,01
L13,20.9968888,35156,2024-01-18 12:36:57,52.0395868,685,3750,05
L13,21.023183,35158,2024-01-18 11:48:43,52.0727745,2,3384,02
L13,21.022917,35158,2024-01-18 11:50:30,52.0749668,2,3320,02
L13,21.0293233,35158,2024-01-18 11:53:40,52.0754135,2,3701,01
L13,21.0293311,35158,2024-01-18 11:54:36,52.0754048,2,3701,01
L13,21.0293293,35158,2024-01-18 11:55:43,52.0754098,2,3701,01
L19,21.0264063,35160,2024-01-18 11:47:33,52.075512,691,3431,02
178,20.943218,4200,2024-01-18 12:25:56,52.205776,8,4047,01
197,20.931486,4203,2024-01-18 12:10:44,52.254467,1,5151,01
255,20.956093,4204,2024-01-18 12:14:58,52.228035,1,5043,02
255,20.931015,4204,2024-01-18 12:45:05,52.225288,1,5011,10
154,20.9534569,4206,2024-01-18 12:21:55,52.1853067,2,4012,02
178,20.915625,4211,2024-01-18 12:25:59,52.205265,4,4214,01
178,20.895828,4211,2024-01-18 12:36:07,52.18565,4,4284,04
178,20.895828,4211,2024-01-18 12:37:01,52.18565,4,4284,04
178,20.895828,4211,2024-01-18 12:38:07,52.18565,4,4284,04
178,20.895828,4211,2024-01-18 12:39:02,52.18565,4,4284,04
197,20.942892,4214,2024-01-18 12:39:03,52.246326,7,5072,03
197,20.944683,4217,2024-01-18 11:56:39,52.242962,4,5101,01
122,20.924047,4218,2024-01-18 12:04:40,52.252617,481,5107,01
122,20.928804,4218,2024-01-18 12:10:42,52.264118,481,5062,01
122,20.934841,4218,2024-01-18 12:13:52,52.271149,481,6047,03
122,20.943008,4218,2024-01-18 12:14:57,52.26915,481,6132,01
714,20.795593,4219,2024-01-18 11:48:40,52.264713,1,6152,02
154,20.973133,4220,2024-01-18 11:49:36,52.193249,1,4304,01
154,20.980972,4220,2024-01-18 11:51:38,52.190708,1,4035,01
154,20.972902,4220,2024-01-18 12:19:54,52.193382,1,4304,02
714,20.91152,4221,2024-01-18 11:54:37,52.239185,2,5034,02
714,20.7967269,4221,2024-01-18 12:19:00,52.2680629,2,6208,02
714,20.895075,4223,2024-01-18 12:30:57,52.2398104,3,5050,04
122,20.914783,4225,2024-01-18 11:45:34,52.231079,3,5059,01
122,20.901012,4225,2024-01-18 12:15:50,52.239155,3,5050,53
129,20.882677,4229,2024-01-18 12:11:47,52.195374,3,4217,21
129,20.924871,4229,2024-01-18 12:28:53,52.208118,3,4103,02
178,20.93471,4232,2024-01-18 12:37:00,52.20166,7,4048,04
122,20.943035,4233,2024-01-18 12:32:56,52.269142,2,6132,01
729,20.729338,4234,2024-01-18 12:13:48,52.283573,1,6176,01
207,20.870514,4236,2024-01-18 11:45:34,52.183308,4,4130,02
207,20.896179,4236,2024-01-18 12:17:51,52.200886,4,4216,02
207,20.874229,4236,2024-01-18 12:40:09,52.201626,4,4128,01
207,20.899559,4240,2024-01-18 11:52:33,52.190041,1,4258,04
207,20.870537,4240,2024-01-18 12:04:44,52.183311,1,4130,02
207,20.870523,4240,2024-01-18 12:05:40,52.183327,1,4130,02
207,20.8705359,4240,2024-01-18 12:06:37,52.1833112,1,4130,02
207,20.906038,4240,2024-01-18 12:23:02,52.188965,1,4283,03
207,20.907108,4240,2024-01-18 12:25:03,52.192562,1,4094,04
207,20.886557,4240,2024-01-18 12:30:58,52.195278,1,4217,04
207,20.893023,4240,2024-01-18 12:40:05,52.200363,1,4216,03
129,20.924852,4242,2024-01-18 11:56:38,52.208115,2,4103,02
178,20.982466,4245,2024-01-18 11:50:31,52.230186,6,5040,02
207,20.897692,4246,2024-01-18 12:45:06,52.184505,2,4131,04
255,20.9310134,4248,2024-01-18 12:23:56,52.2253071,3,5011,10
147,21.0527415,4301,2024-01-18 12:00:41,52.2503863,2,2120,02
183,21.1324967,4302,2024-01-18 12:21:56,52.2389674,6,2058,02
147,21.1129674,4303,2024-01-18 12:01:37,52.2052259,3,2208,02
173,21.2571776,4306,2024-01-18 11:47:36,52.2380472,4,2852,01
173,21.0528119,4306,2024-01-18 12:39:03,52.2503325,4,2120,05
173,21.0527739,4306,2024-01-18 12:40:09,52.2503226,4,2120,05
183,21.1431947,4308,2024-01-18 12:09:48,52.2477972,5,2068,02
183,21.1917481,4308,2024-01-18 12:23:57,52.2387679,5,2379,01
183,21.1917411,4308,2024-01-18 12:25:59,52.238763,5,2379,01
183,21.1917442,4308,2024-01-18 12:30:58,52.2387745,5,2379,01
183,21.1585739,4308,2024-01-18 12:42:01,52.2553689,5,2449,01
173,21.1431289,4313,2024-01-18 11:56:40,52.2372835,9,2061,02
173,21.2175552,4313,2024-01-18 12:36:06,52.2144115,9,2440,03
173,21.2175402,4313,2024-01-18 12:37:01,52.2144041,9,2440,03
173,21.2175447,4313,2024-01-18 12:38:07,52.2144164,9,2440,03
153,21.1622532,4316,2024-01-18 11:54:38,52.2745972,3,2095,01
153,21.1596414,4316,2024-01-18 12:21:54,52.2578239,3,2070,06
153,21.1508782,4316,2024-01-18 12:42:01,52.2698775,3,2092,01
117,21.0899664,4317,2024-01-18 12:14:58,52.2222471,1,2313,03
117,21.0691492,4317,2024-01-18 12:19:55,52.2254769,1,2143,02
117,21.0573807,4317,2024-01-18 12:23:58,52.2294279,1,2152,02
117,21.0051284,4317,2024-01-18 12:45:08,52.229574,1,7002,14
183,21.1917382,4318,2024-01-18 12:09:48,52.2387747,4,2379,01
183,21.1917476,4318,2024-01-18 12:15:53,52.2387707,4,2379,01
183,21.1917426,4318,2024-01-18 12:17:55,52.2387761,4,2379,01
183,21.1260169,4318,2024-01-18 12:36:07,52.2348367,4,2015,01
173,21.1476214,4322,2024-01-18 12:25:03,52.2383334,5,2062,01
173,21.1388491,4322,2024-01-18 12:27:03,52.2381439,5,2060,01
173,21.119089,4322,2024-01-18 12:35:01,52.2378907,5,2014,01
153,21.1664379,4324,2024-01-18 12:05:41,52.2571092,1,2084,01
153,21.1618059,4324,2024-01-18 12:07:46,52.2592042,1,2083,02
730,21.3051629,4326,2024-01-18 11:56:39,52.1838836,52,2380,02
115,21.2422151,4327,2024-01-18 11:47:35,52.1699194,5,2222,01
115,21.2422167,4327,2024-01-18 11:48:43,52.1699115,5,2222,01
115,21.2422322,4327,2024-01-18 11:49:37,52.1699117,5,2222,01
115,21.2422306,4327,2024-01-18 11:50:32,52.1699119,5,2222,01
115,21.2422187,4327,2024-01-18 11:51:39,52.1699169,5,2222,01
115,21.2422199,4327,2024-01-18 11:52:35,52.1699236,5,2222,01
183,21.1917451,4329,2024-01-18 11:53:43,52.2387552,3,2379,01
183,21.1917459,4329,2024-01-18 11:54:38,52.2387605,3,2379,01
183,21.1917304,4329,2024-01-18 11:58:41,52.2387724,3,2379,01
183,21.191722,4329,2024-01-18 11:59:36,52.2387632,3,2379,01
183,21.1742906,4329,2024-01-18 12:09:47,52.2503541,3,2322,01
255,20.931029,4331,2024-01-18 11:45:33,52.2253012,1,5011,10
255,20.9310307,4331,2024-01-18 11:51:39,52.2252919,1,5011,10
255,20.9310319,4331,2024-01-18 11:52:35,52.225288,1,5011,10
207,20.8954726,4333,2024-01-18 11:49:38,52.1934529,3,4123,02
207,20.8995807,4333,2024-01-18 12:32:04,52.1900397,3,4258,04
129,20.9479189,4334,2024-01-18 11:49:37,52.2441532,1,5023,02
154,20.9728909,4337,2024-01-18 12:01:37,52.1933749,4,4304,02
154,20.9638155,4337,2024-01-18 12:19:55,52.2170416,4,4045,71
197,20.9591273,4338,2024-01-18 11:49:37,52.2812451,5,6007,05
129,20.8978542,4339,2024-01-18 12:28:56,52.1956999,4,4095,02
166,21.027185,4400,2024-01-18 11:45:34,52.2599281,8,1005,18
166,21.027185,4400,2024-01-18 11:47:34,52.25993,8,1005,18
166,21.027174,4400,2024-01-18 11:48:43,52.25993,8,1005,18
166,21.027184,4400,2024-01-18 11:49:36,52.25993,8,1005,18
166,21.0271992,4400,2024-01-18 11:50:31,52.2599184,8,1005,18
166,21.027184,4400,2024-01-18 11:51:39,52.259911,8,1005,18
134,21.060783,4402,2024-01-18 12:21:56,52.306469,3,1205,02
156,20.928036,4406,2024-01-18 11:45:29,52.2907524,5,6059,23
156,21.044075,4406,2024-01-18 12:23:02,52.278152,5,1144,01
156,21.054935,4406,2024-01-18 12:26:54,52.274868,5,1140,03
134,21.032436,4408,2024-01-18 12:42:01,52.298904,2,1260,03
170,21.02202,4409,2024-01-18 12:10:43,52.262737,1,1006,10
170,21.035238,4409,2024-01-18 12:32:55,52.255989,1,1003,09
197,20.931463,4412,2024-01-18 12:40:06,52.254448,3,5151,01
181,20.939291,4414,2024-01-18 11:56:36,52.301773,3,6015,02
169,21.0425655,4419,2024-01-18 12:15:53,52.2991631,2,1152,01
118,21.015617,4421,2024-01-18 11:48:43,52.219212,2,7006,14
338,21.052191,4424,2024-01-18 12:28:55,52.258781,01,1034,02
181,20.972334,4427,2024-01-18 12:15:51,52.282425,1,6136,02
134,21.05463,4428,2024-01-18 12:00:42,52.340763,1,1697,01
134,21.050589,4428,2024-01-18 12:08:42,52.317295,1,1286,01
181,20.915945,4429,2024-01-18 11:53:41,52.311176,2,6073,01
181,20.98637,4429,2024-01-18 12:30:54,52.269371,2,6003,18
173,21.2175524,4430,2024-01-18 11:51:37,52.2144071,6,2440,03
173,21.217569,4430,2024-01-18 11:55:44,52.214413,6,2440,03
173,21.2175555,4430,2024-01-18 11:56:39,52.2144199,6,2440,03
173,21.217566,4430,2024-01-18 11:58:41,52.21442,6,2440,03
173,21.217556,4430,2024-01-18 11:59:36,52.21442,6,2440,03
173,21.2175449,4430,2024-01-18 12:04:44,52.2144292,6,2440,03
173,21.25111,4430,2024-01-18 12:14:56,52.232292,6,2273,01
173,21.224314,4430,2024-01-18 12:24:59,52.2505,6,2282,01
173,21.143061,4430,2024-01-18 12:40:09,52.237419,6,2061,01
122,20.920887,4431,2024-01-18 11:55:44,52.256599,4,5064,04
134,20.968178,4432,2024-01-18 12:10:28,52.271838,4,6005,17
521,21.078471,5201,2024-01-18 12:01:34,52.2435299,5,2134,04
521,21.1494372,5201,2024-01-18 12:15:44,52.2225098,5,2035,01
521,21.1992284,5201,2024-01-18 12:28:54,52.1731531,5,2045,01
713,20.744574,5209,2024-01-18 12:04:41,52.2145041,2,5138,01
713,20.7445738,5209,2024-01-18 12:05:41,52.2145041,2,5138,01
713,20.8604115,5209,2024-01-18 12:25:51,52.2158141,2,5090,01
171,20.9250486,5212,2024-01-18 11:45:29,52.2724835,5,6048,06
171,20.9250487,5212,2024-01-18 11:47:29,52.2724814,5,6048,06
171,20.9250485,5212,2024-01-18 11:48:39,52.2724808,5,6048,06
171,20.9250483,5212,2024-01-18 11:52:29,52.272479,5,6048,06
171,20.9250479,5212,2024-01-18 11:53:39,52.2724786,5,6048,06
171,20.9250477,5212,2024-01-18 11:54:29,52.2724787,5,6048,06
171,20.9250476,5212,2024-01-18 11:55:39,52.2724787,5,6048,06
171,20.9250475,5212,2024-01-18 11:56:39,52.2724784,5,6048,06
171,20.9250469,5212,2024-01-18 11:58:39,52.2724784,5,6048,06
171,20.9250462,5212,2024-01-18 11:59:29,52.2724786,5,6048,06
171,20.925046,5212,2024-01-18 12:00:39,52.2724778,5,6048,06
171,20.9250459,5212,2024-01-18 12:01:29,52.2724771,5,6048,06
171,20.9250452,5212,2024-01-18 12:04:28,52.2724755,5,6048,06
728,20.9212427,5215,2024-01-18 12:07:43,52.1551198,1,4156,02
728,20.8708562,5215,2024-01-18 12:32:53,52.031544,1,4264,02
184,20.9429019,5216,2024-01-18 12:25:01,52.2463074,493,5072,03
716,20.9011337,5219,2024-01-18 12:17:54,52.2168128,63,5014,01
184,20.9638917,5226,2024-01-18 11:49:32,52.2080645,2,4119,01
184,20.9638916,5226,2024-01-18 11:50:32,52.2080642,2,4119,01
184,20.9638924,5226,2024-01-18 11:51:32,52.2080705,2,4119,01
184,20.9638943,5226,2024-01-18 11:52:32,52.2080706,2,4119,01
184,20.9638965,5226,2024-01-18 11:53:42,52.2080703,2,4119,01
184,20.9638969,5226,2024-01-18 11:54:32,52.2080701,2,4119,01
187,21.0064118,5228,2024-01-18 12:11:42,52.2171664,6,7093,05
187,21.0644778,5228,2024-01-18 12:30:52,52.1859814,6,3064,01
523,21.0845934,5240,2024-01-18 12:10:44,52.2432867,8,2008,10
401,20.9492393,5244,2024-01-18 11:52:26,52.191868,4,4087,01
401,21.0412026,5244,2024-01-18 12:09:46,52.1693798,4,3098,03
401,21.04689,5244,2024-01-18 12:45:08,52.163772,4,3100,02
184,20.9376398,5247,2024-01-18 12:00:39,52.275021,5,6046,05
184,20.9639217,5247,2024-01-18 12:40:09,52.2080875,5,4119,01
184,20.963914,5247,2024-01-18 12:41:59,52.2080803,5,4119,01
184,20.9639145,5247,2024-01-18 12:44:59,52.2080795,5,4119,01
105,20.8962443,5249,2024-01-18 11:45:32,52.2389262,7,5050,01
105,20.8970751,5249,2024-01-18 11:51:32,52.2235088,7,5046,01
105,20.8973745,5249,2024-01-18 11:54:32,52.2162768,7,5192,01
136,21.0019323,5251,2024-01-18 11:55:39,52.182702,2,3242,01
517,20.8603377,5254,2024-01-18 11:45:29,52.1939674,4,4337,02
517,20.9087564,5254,2024-01-18 12:17:52,52.1929231,4,4094,01
187,21.0376439,5255,2024-01-18 11:47:29,52.2222813,4,7071,01
705,21.0279337,5408,2024-01-18 12:07:46,52.363068,64,1134,02
518,20.942133,5409,2024-01-18 12:13:47,52.334534,3,1253,08
162,21.03463,5413,2024-01-18 12:04:41,52.255291,6,1003,02
112,20.977625,5415,2024-01-18 12:21:55,52.278843,5,6133,03
509,21.072323,5416,2024-01-18 12:27:03,52.225098,1,2143,01
500,21.041761,5419,2024-01-18 12:04:44,52.300335,3,1152,04
500,21.0417254,5419,2024-01-18 12:05:39,52.3003512,3,1152,04
500,21.041729,5419,2024-01-18 12:06:38,52.300335,3,1152,04
500,21.041716,5419,2024-01-18 12:07:45,52.300346,3,1152,04
500,21.041718,5419,2024-01-18 12:09:48,52.300339,3,1152,04
500,21.0417392,5419,2024-01-18 12:10:44,52.3003524,3,1152,04
500,21.041758,5419,2024-01-18 12:11:49,52.300335,3,1152,04
245,21.12464,5420,2024-01-18 12:04:42,52.279179,4,1473,01
190,20.925833,5423,2024-01-18 11:51:35,52.23407,5,5104,06
112,20.934647,5424,2024-01-18 11:53:43,52.272041,8,6047,02
112,21.082319,5424,2024-01-18 12:37:01,52.304489,8,1234,04
112,21.082331,5424,2024-01-18 12:40:09,52.304478,8,1234,04
112,21.082327,5424,2024-01-18 12:42:01,52.304493,8,1234,04
112,21.082335,5425,2024-01-18 12:19:55,52.304478,3,1234,04
112,21.082359,5425,2024-01-18 12:21:55,52.304489,3,1234,04
112,21.082348,5425,2024-01-18 12:23:02,52.304493,3,1234,04
112,21.082348,5425,2024-01-18 12:23:54,52.304493,3,1234,04
112,21.082354,5425,2024-01-18 12:25:00,52.304501,3,1234,04
112,21.082355,5425,2024-01-18 12:25:58,52.304501,3,1234,04
112,21.082333,5425,2024-01-18 12:27:02,52.304493,3,1234,04
112,21.082342,5425,2024-01-18 12:30:57,52.304504,3,1234,04
112,21.082336,5425,2024-01-18 12:32:03,52.304489,3,1234,04
112,21.082325,5425,2024-01-18 12:32:59,52.304482,3,1234,04
112,21.082327,5425,2024-01-18 12:34:01,52.304497,3,1234,04
112,21.085369,5425,2024-01-18 12:36:07,52.304806,3,1234,03
120,21.054951,5426,2024-01-18 12:21:53,52.274853,1,1140,03
527,21.061781,5427,2024-01-18 12:23:57,52.309471,56,1280,01
116,21.083851,5438,2024-01-18 12:14:58,52.168022,16,3044,07
503,21.044407,5440,2024-01-18 12:25:54,52.143009,9,3140,02
190,20.9808726,5442,2024-01-18 11:54:37,52.2384762,7,5003,10
512,21.049665,5443,2024-01-18 12:05:41,52.285988,1,1215,04
512,21.049686,5443,2024-01-18 12:08:40,52.285995,1,1215,04
128,20.9636,5444,2024-01-18 12:23:01,52.2077,406,4119,05
128,20.9636,5444,2024-01-18 12:23:54,52.2077,406,4119,05
128,20.9636,5444,2024-01-18 12:25:57,52.2077,406,4119,05
128,20.9636,5444,2024-01-18 12:27:04,52.2077,406,4119,05
128,20.9636,5444,2024-01-18 12:28:53,52.2077,406,4119,05
128,20.9636,5444,2024-01-18 12:30:48,52.2077,406,4119,05
128,20.9636,5444,2024-01-18 12:32:04,52.2077,406,4119,05
128,20.9636,5444,2024-01-18 12:32:56,52.2077,406,4119,05
128,20.9636,5444,2024-01-18 12:34:04,52.2077,406,4119,05
128,20.9636,5444,2024-01-18 12:34:52,52.2077,406,4119,05
128,20.963658,5444,2024-01-18 12:38:49,52.207788,406,4119,04
128,20.963658,5444,2024-01-18 12:39:49,52.207788,406,4119,04
128,20.963671,5444,2024-01-18 12:41:50,52.207779,406,4119,04
138,21.044426,5445,2024-01-18 12:23:02,52.249088,1,1001,02
520,21.0989,5446,2024-01-18 12:39:01,52.234787,2,2102,01
120,21.067076,5450,2024-01-18 12:38:06,52.3181,6,1181,02
120,21.0487819,5451,2024-01-18 12:01:37,52.2745222,8,1517,02
500,21.0417229,5453,2024-01-18 11:47:36,52.3003409,2,1152,04
500,21.0417334,5453,2024-01-18 11:48:42,52.3003539,2,1152,04
500,21.0417259,5453,2024-01-18 11:55:44,52.3003482,2,1152,04
500,21.0417169,5453,2024-01-18 11:56:38,52.3003405,2,1152,04
127,20.895472,5457,2024-01-18 12:14:57,52.208794,7,4224,01
127,20.895462,5457,2024-01-18 12:15:52,52.208797,7,4224,01
127,20.8954592,5457,2024-01-18 12:17:53,52.2088079,7,4224,01
127,20.8954671,5457,2024-01-18 12:18:59,52.2088047,7,4224,01
127,20.8954789,5457,2024-01-18 12:23:56,52.2087984,7,4224,01
127,20.920458,5457,2024-01-18 12:32:04,52.209579,7,4225,01
500,20.9842962,5458,2024-01-18 11:47:35,52.2548962,4,7091,03
500,21.0417234,5458,2024-01-18 12:17:50,52.3003476,4,1152,04
500,21.041727,5458,2024-01-18 12:19:00,52.300335,4,1152,04
500,21.041729,5458,2024-01-18 12:19:53,52.300343,4,1152,04
500,21.0417237,5458,2024-01-18 12:23:01,52.300357,4,1152,04
500,21.041731,5458,2024-01-18 12:23:56,52.300354,4,1152,04
500,21.04174,5458,2024-01-18 12:25:56,52.300358,4,1152,04
175,20.9935636,5872,2024-01-18 11:56:33,52.2260992,411,4052,02
175,20.97831,5872,2024-01-18 12:15:48,52.182671,411,4037,01
175,20.978167,5872,2024-01-18 12:17:50,52.178978,411,4038,01
127,20.895473,5873,2024-01-18 11:58:38,52.208786,6,4224,01
127,20.895485,5873,2024-01-18 12:08:42,52.208794,6,4224,01
127,20.943214,5873,2024-01-18 12:23:00,52.205761,6,4047,01
128,21.02,5876,2024-01-18 12:26:59,52.232357,408,7042,01
128,20.987413,5876,2024-01-18 12:45:07,52.20961,408,4030,01
128,21.0132644,5880,2024-01-18 11:59:36,52.2424899,400,7027,02
175,21.0127852,5880,2024-01-18 12:05:37,52.2431167,400,7027,06
175,21.0138449,5880,2024-01-18 12:14:58,52.2453649,400,7046,01
128,20.988142,5882,2024-01-18 12:34:03,52.215561,407,4029,01
503,21.00543,5888,2024-01-18 12:09:48,52.249123,3,7050,02
519,21.084126,5894,2024-01-18 12:30:56,52.168037,5,3044,71
519,21.084129,5894,2024-01-18 12:32:02,52.168041,5,3044,71
519,21.084129,5894,2024-01-18 12:32:55,52.168045,5,3044,71
519,21.084124,5894,2024-01-18 12:34:04,52.168037,5,3044,71
519,21.083029,5896,2024-01-18 12:06:38,52.166512,7,3044,02
519,21.002836,5896,2024-01-18 12:45:07,52.229252,7,7002,23
127,20.9147,5898,2024-01-18 12:00:41,52.2099,5,4213,03
180,21.049778,5908,2024-01-18 12:11:47,52.20145,433,3059,01
111,21.10224,5914,2024-01-18 12:40:06,52.222153,8,2148,01
180,20.969282,5915,2024-01-18 12:17:52,52.256138,10,6090,02
180,20.960592,5915,2024-01-18 12:19:51,52.259483,10,6091,02
180,20.932961,5915,2024-01-18 12:28:55,52.271152,10,6047,04
116,21.0264951,5917,2024-01-18 12:39:02,52.2141357,5,7095,01
128,20.984335,5921,2024-01-18 12:34:57,52.198994,404,4033,02
180,20.952459,5930,2024-01-18 11:52:34,52.262928,8,6129,02
116,21.083878,5932,2024-01-18 12:19:00,52.168041,17,3044,07
116,21.083851,5932,2024-01-18 12:22:58,52.168041,17,3044,07
116,20.948772,5934,2024-01-18 11:48:40,52.276814,3,6021,01
116,21.013809,5934,2024-01-18 12:10:44,52.245373,3,7046,01
116,21.05246,5934,2024-01-18 12:36:07,52.184715,3,3032,01
175,20.988129,5937,2024-01-18 12:23:02,52.215576,412,4029,01
175,20.98267,5937,2024-01-18 12:30:53,52.19561,412,4034,01
116,21.083874,5939,2024-01-18 11:58:37,52.168049,15,3044,07
116,21.083876,5939,2024-01-18 11:59:32,52.168045,15,3044,07
116,21.083872,5939,2024-01-18 12:00:39,52.168034,15,3044,07
116,21.083864,5939,2024-01-18 12:01:34,52.16803,15,3044,07
116,21.083876,5939,2024-01-18 12:04:40,52.168041,15,3044,07
116,21.019514,5939,2024-01-18 12:45:09,52.233253,15,7042,02
180,20.994333,5940,2024-01-18 12:37:01,52.248833,13,7023,02
175,20.990625,5942,2024-01-18 12:08:41,52.225014,409,4001,03
175,21.003754,5942,2024-01-18 12:11:49,52.227901,409,7002,01
175,21.012953,5942,2024-01-18 12:25:56,52.243145,409,7027,04
128,21.01292,5942,2024-01-18 12:28:56,52.243141,409,7027,04
111,21.094589,5945,2024-01-18 12:21:57,52.227348,7,2149,03
111,21.102251,5945,2024-01-18 12:27:02,52.222153,7,2148,01
111,21.102255,5945,2024-01-18 12:28:56,52.222149,7,2148,01
111,21.102245,5945,2024-01-18 12:30:53,52.222141,7,2148,01
111,21.102238,5946,2024-01-18 11:49:35,52.222141,4,2148,01
111,21.055786,5946,2024-01-18 12:25:01,52.238533,4,2138,02
111,21.018332,5946,2024-01-18 12:34:05,52.235851,4,7049,02
503,21.02479,5949,2024-01-18 12:30:55,52.220718,2,7037,01
116,21.026522,5950,2024-01-18 12:07:43,52.214134,2,7095,01
116,21.0315,5950,2024-01-18 12:10:43,52.205959,2,3026,01
116,21.083836,5950,2024-01-18 12:36:57,52.168037,2,3044,07
116,21.083838,5950,2024-01-18 12:39:03,52.168053,2,3044,07
116,21.083843,5950,2024-01-18 12:40:08,52.168034,2,3044,07
116,21.083836,5950,2024-01-18 12:45:08,52.16803,2,3044,07
518,21.01952,5958,2024-01-18 11:48:40,52.23328,5,7042,02
518,20.961348,5958,2024-01-18 12:25:59,52.314674,5,1250,04
518,20.936529,5958,2024-01-18 12:32:59,52.328289,5,1402,02
127,20.923672,5961,2024-01-18 12:09:48,52.204666,8,4102,02
127,20.895466,5961,2024-01-18 12:28:53,52.208786,8,4224,01
127,20.895479,5961,2024-01-18 12:30:55,52.208794,8,4224,01
127,20.895454,5961,2024-01-18 12:36:06,52.208786,8,4224,01
127,20.895472,5961,2024-01-18 12:39:02,52.208794,8,4224,01
180,20.934853,5964,2024-01-18 11:55:39,52.271149,6,6047,03
180,20.978863,5964,2024-01-18 12:11:50,52.244503,6,5157,01
180,21.013838,5964,2024-01-18 12:22:58,52.245365,6,7046,01
180,20.969299,5969,2024-01-18 12:28:52,52.256126,11,6090,02
116,21.015902,5970,2024-01-18 12:00:42,52.241371,11,7045,02
503,21.046383,5971,2024-01-18 12:09:48,52.150188,7,3280,01
116,20.923107,5974,2024-01-18 11:55:43,52.280205,7,6026,05
116,20.984573,5974,2024-01-18 12:38:03,52.269146,7,6003,01
116,21.01832,5975,2024-01-18 11:47:32,52.235844,10,7049,02
116,20.948193,5975,2024-01-18 12:15:51,52.276985,10,6021,02
116,20.927692,5975,2024-01-18 12:23:01,52.280281,10,6025,02
503,21.022842,5980,2024-01-18 12:18:59,52.228989,5,7040,02
180,21.054674,5987,2024-01-18 12:40:07,52.19479,2,3061,02
518,20.961349,5989,2024-01-18 12:08:40,52.314701,4,1250,04
111,21.102264,5993,2024-01-18 12:17:52,52.222149,6,2148,01
180,20.924919,5994,2024-01-18 12:21:55,52.272415,9,6048,05
180,20.924925,5994,2024-01-18 12:22:59,52.272423,9,6048,05
180,20.924942,5994,2024-01-18 12:25:03,52.272408,9,6048,05
180,20.924948,5994,2024-01-18 12:25:56,52.272404,9,6048,05
180,20.943022,5994,2024-01-18 12:34:03,52.26915,9,6132,01
L18,20.8107979,60054,2024-01-18 11:50:32,52.2934958,2,6121,01
L18,20.8313351,60054,2024-01-18 12:11:47,52.2693296,2,6814,02
L18,20.804723,60055,2024-01-18 12:19:55,52.2944006,1,6120,01
L-7,20.8001876,60060,2024-01-18 12:36:07,52.2949338,2,6119,03
124,20.950566,6206,2024-01-18 12:04:42,52.156701,1,4022,01
124,20.943451,6206,2024-01-18 12:25:53,52.175423,1,4015,14
124,20.943451,6206,2024-01-18 12:26:53,52.175423,1,4015,14
191,20.870354,6208,2024-01-18 12:21:52,52.18354,7,4130,01
711,20.9395922,6212,2024-01-18 12:15:53,52.1719664,506,4016,01
191,20.882957,6215,2024-01-18 12:15:52,52.189262,6,4099,02
191,20.969139,6215,2024-01-18 12:40:06,52.213627,6,4154,01
177,20.895245,6224,2024-01-18 12:08:40,52.20295,5,4216,06
517,21.043285,6225,2024-01-18 12:19:55,52.222984,1,7076,07
517,21.043306,6225,2024-01-18 12:22:58,52.222977,1,7076,07
517,21.043308,6225,2024-01-18 12:23:54,52.223,1,7076,07
517,21.043295,6225,2024-01-18 12:27:03,52.223003,1,7076,07
517,21.043293,6225,2024-01-18 12:32:58,52.222996,1,7076,07
719,20.85087,6227,2024-01-18 12:21:36,52.246901,2,5145,02
184,20.944309,6229,2024-01-18 11:54:38,52.243824,8,5101,02
184,20.939077,6229,2024-01-18 11:56:37,52.246216,8,5073,03
184,20.923939,6229,2024-01-18 12:45:04,52.260834,8,5161,02
187,21.068989,6237,2024-01-18 11:45:30,52.181362,1,3065,05
716,20.878496,6238,2024-01-18 12:25:01,52.199062,62,4127,01
401,20.88526,6239,2024-01-18 11:49:34,52.194847,5,4217,05
188,20.981558,6240,2024-01-18 12:10:44,52.190922,3,4035,02
706,20.9208594,6244,2024-01-18 11:45:33,52.1543085,2,4157,01
706,20.930752,6244,2024-01-18 11:48:42,52.163757,2,4019,01
706,20.934967,6244,2024-01-18 11:51:38,52.167477,2,4018,01
706,20.910421,6244,2024-01-18 12:25:58,52.145939,2,4159,02
L39,21.0232326,70001,2024-01-18 11:54:39,52.067867,4,3168,02
L39,21.0214016,70001,2024-01-18 12:22:59,52.079872,4,3165,01
L39,21.0454343,70001,2024-01-18 12:40:10,52.1012171,4,3387,02
L39,21.0190458,70002,2024-01-18 12:19:00,52.0985671,3,3160,02
L39,20.9927083,70002,2024-01-18 12:41:58,52.1097298,3,3025,03
L14,21.1305453,70021,2024-01-18 11:55:42,52.107618,1,3846,02
L42,21.15312,70022,2024-01-18 11:45:30,52.0614798,51,3358,02
L42,21.1531154,70022,2024-01-18 11:47:33,52.0614711,51,3358,02
L42,21.1531356,70022,2024-01-18 11:56:37,52.0614571,51,3358,02
L42,21.1530971,70022,2024-01-18 11:59:36,52.0614791,51,3358,02
L42,21.1530946,70022,2024-01-18 12:00:43,52.0614635,51,3358,02
L-4,20.9245055,70026,2024-01-18 11:51:39,52.0954848,1,4260,02
L-3,21.0214078,70041,2024-01-18 12:17:54,52.079859,1,3165,01
L-1,20.9315911,70042,2024-01-18 12:07:44,52.1104686,2,4805,01
L-1,20.9307226,70042,2024-01-18 12:08:40,52.115771,2,4804,01
L28,21.1262763,70045,2024-01-18 12:40:10,52.0226738,53,3769,01
190,21.060076,7202,2024-01-18 12:17:53,52.268578,10,1055,01
172,21.04875,7204,2024-01-18 12:34:05,52.188389,7,3031,52
706,20.916582,7206,2024-01-18 11:54:38,52.150612,1,4158,02
112,20.933365,7217,2024-01-18 11:53:42,52.2705,9,6047,01
112,20.89187,7217,2024-01-18 12:42:01,52.216324,9,5117,01
112,20.913177,7221,2024-01-18 12:32:54,52.238205,10,5034,03
187,20.943239,7222,2024-01-18 12:40:08,52.205769,9,4047,01
182,20.964941,7227,2024-01-18 11:45:33,52.21804,8,4044,03
182,21.1129312,7227,2024-01-18 12:39:03,52.2362881,8,2105,01
523,20.956999,7229,2024-01-18 12:38:08,52.227222,13,5043,05
112,21.082365,7230,2024-01-18 11:47:35,52.304504,4,1234,04
112,21.082365,7230,2024-01-18 11:48:41,52.304501,4,1234,04
112,21.054695,7230,2024-01-18 12:04:40,52.296303,4,1319,01
112,21.01812,7230,2024-01-18 12:17:54,52.291904,4,1158,03
112,20.926563,7230,2024-01-18 12:38:07,52.262966,4,5062,02
189,21.068439,7232,2024-01-18 12:07:43,52.182774,16,3065,02
171,20.994665,7233,2024-01-18 12:19:54,52.242111,4,7085,01
189,20.926947,7237,2024-01-18 11:52:35,52.196178,11,4049,04
189,20.923479,7237,2024-01-18 11:53:44,52.197281,11,4090,02
190,21.0707719,7238,2024-01-18 12:21:52,52.281096,9,1058,02
190,21.0854059,7238,2024-01-18 12:32:04,52.3049952,9,1234,01
523,20.898325,7242,2024-01-18 12:08:39,52.258411,14,5055,07
523,20.898308,7242,2024-01-18 12:21:54,52.258423,14,5055,07
401,20.926977,7244,2024-01-18 12:14:58,52.19619,9,4049,04
189,21.035856,7247,2024-01-18 12:45:06,52.17347,7,3337,01
191,20.8919907,7251,2024-01-18 12:40:09,52.1906925,2,4098,02
191,20.886753,7251,2024-01-18 12:42:01,52.189659,2,4110,02
184,20.944298,7252,2024-01-18 12:10:42,52.243809,1,5101,02
184,20.928831,7252,2024-01-18 12:23:03,52.264137,1,5062,01
171,20.93,7254,2024-01-18 11:47:35,52.240536,6,5032,02
171,20.922226,7254,2024-01-18 11:48:42,52.240276,6,5194,02
171,20.919107,7254,2024-01-18 12:05:41,52.263016,6,5102,01
136,21.0527909,7257,2024-01-18 11:48:42,52.1460037,11,3142,06
136,21.052799,7257,2024-01-18 11:49:37,52.145996,11,3142,06
136,21.0527979,7257,2024-01-18 11:50:32,52.1460012,11,3142,06
136,21.0527842,7257,2024-01-18 11:51:37,52.1460032,11,3142,06
136,21.0527857,7257,2024-01-18 11:52:34,52.1460111,11,3142,06
136,21.0527787,7257,2024-01-18 11:53:43,52.1460009,11,3142,06
136,21.0527822,7257,2024-01-18 11:54:38,52.1460054,11,3142,06
136,21.0527901,7257,2024-01-18 11:55:43,52.1459937,11,3142,06
136,21.0527944,7257,2024-01-18 11:56:38,52.1460057,11,3142,06
136,21.0527804,7257,2024-01-18 11:58:41,52.1460005,11,3142,06
136,21.0527939,7257,2024-01-18 11:59:36,52.1460077,11,3142,06
136,21.0527929,7257,2024-01-18 12:00:41,52.1460024,11,3142,06
136,21.0527827,7257,2024-01-18 12:01:36,52.1460081,11,3142,06
102,21.07342,7301,2024-01-18 12:32:03,52.25193,55,2123,01
102,21.048512,7301,2024-01-18 12:40:09,52.247684,55,2001,09
171,20.932966,7307,2024-01-18 12:39:02,52.271145,1,6047,04
202,21.0419825,7309,2024-01-18 12:18:59,52.2420907,51,1231,07
202,21.0419864,7309,2024-01-18 12:19:52,52.2420987,51,1231,07
523,21.106878,7310,2024-01-18 12:10:40,52.248047,6,2108,02
523,21.106894,7310,2024-01-18 12:11:50,52.248051,6,2108,02
523,21.106876,7310,2024-01-18 12:13:52,52.248055,6,2108,02
523,21.106888,7310,2024-01-18 12:14:56,52.248055,6,2108,02
523,21.106888,7310,2024-01-18 12:15:45,52.248035,6,2108,02
520,21.155977,7311,2024-01-18 11:47:35,52.240383,8,2064,03
520,21.1476,7311,2024-01-18 11:56:39,52.238331,8,2062,01
520,21.138828,7311,2024-01-18 11:58:41,52.238159,8,2060,01
520,21.037111,7311,2024-01-18 12:17:49,52.222404,8,7071,02
520,21.0021189,7311,2024-01-18 12:45:08,52.2430989,8,7016,01
141,21.1127894,7312,2024-01-18 11:53:42,52.2362849,1,2105,02
141,21.1128032,7312,2024-01-18 11:54:37,52.2362832,1,2105,02
141,21.1127834,7312,2024-01-18 11:58:40,52.2362774,1,2105,02
141,21.1127984,7312,2024-01-18 11:59:35,52.2362774,1,2105,02
141,21.104731,7312,2024-01-18 12:05:40,52.237083,1,2106,01
202,21.08527,7313,2024-01-18 12:05:40,52.250252,53,2113,04
202,21.089132,7313,2024-01-18 12:06:32,52.250092,53,2112,02
520,21.0021416,7315,2024-01-18 11:47:36,52.2431299,4,7016,03
520,21.0021514,7315,2024-01-18 11:49:36,52.2431294,4,7016,03
507,21.060665,7316,2024-01-18 12:25:52,52.232845,5,2140,04
141,21.024244,7318,2024-01-18 12:25:58,52.19809,6,3005,02
507,21.0691929,7320,2024-01-18 12:08:41,52.225485,4,2143,02
507,21.055769,7320,2024-01-18 12:14:53,52.238525,4,2138,02
507,21.0053057,7320,2024-01-18 12:35:00,52.2295807,4,7002,16
507,21.00531,7320,2024-01-18 12:40:09,52.229572,4,7002,16
182,21.1129567,7322,2024-01-18 11:45:34,52.2362649,3,2105,01
182,20.9649457,7322,2024-01-18 12:23:02,52.2180461,3,4044,03
182,20.9649247,7322,2024-01-18 12:25:02,52.2180442,3,4044,03
182,20.9649464,7322,2024-01-18 12:25:59,52.2180257,3,4044,03
182,20.9649172,7322,2024-01-18 12:27:04,52.2180329,3,4044,03
182,20.9648994,7322,2024-01-18 12:28:56,52.2180359,3,4044,03
182,21.112952,7328,2024-01-18 12:17:54,52.2362849,6,2105,01
199,21.0413467,7329,2024-01-18 12:23:01,52.3000424,1,1152,08
199,21.0413455,7329,2024-01-18 12:25:03,52.3000417,1,1152,08
199,21.041365,7329,2024-01-18 12:27:03,52.300053,1,1152,08
199,21.041352,7329,2024-01-18 12:28:57,52.3000385,1,1152,08
199,21.0413455,7329,2024-01-18 12:32:58,52.300047,1,1152,08
199,21.041355,7329,2024-01-18 12:36:05,52.300034,1,1152,08
199,21.041359,7329,2024-01-18 12:37:01,52.300034,1,1152,08
199,21.042166,7329,2024-01-18 12:40:07,52.295509,1,1153,01
182,21.112942,7331,2024-01-18 12:04:42,52.236275,5,2105,01
182,21.112951,7331,2024-01-18 12:10:42,52.236263,5,2105,01
182,21.112934,7331,2024-01-18 12:11:49,52.236259,5,2105,01
182,21.07493,7331,2024-01-18 12:23:00,52.233021,5,2099,01
517,21.0433179,7333,2024-01-18 11:54:36,52.2230022,9,7076,07
517,21.0433276,7333,2024-01-18 11:55:43,52.2229997,9,7076,07
517,21.0433064,7333,2024-01-18 11:56:38,52.2230022,9,7076,07
517,21.043308,7333,2024-01-18 11:58:40,52.222996,9,7076,07
517,21.043291,7333,2024-01-18 12:00:41,52.223,9,7076,07
517,21.0432915,7333,2024-01-18 12:01:36,52.2229854,9,7076,07
402,21.155991,7334,2024-01-18 12:09:47,52.240376,7,2064,03
402,21.1559984,7334,2024-01-18 12:14:58,52.2403859,7,2064,03
402,21.155075,7334,2024-01-18 12:19:48,52.239793,7,2064,01
402,21.117781,7334,2024-01-18 12:40:09,52.232914,7,R-10,99
188,20.9844,7335,2024-01-18 11:55:41,52.200798,4,4032,01
188,20.9783,7335,2024-01-18 12:01:32,52.182671,4,4037,01
188,20.980852,7335,2024-01-18 12:28:57,52.188869,4,4036,02
250,20.868587,739,2024-01-18 12:42:01,52.332787,3,6219,01
150,20.847227,746,2024-01-18 11:47:35,52.341511,2,6168,01
150,20.847214,746,2024-01-18 11:54:35,52.341511,2,6168,01
150,20.84721,746,2024-01-18 11:55:41,52.341507,2,6168,01
150,20.84721,746,2024-01-18 11:59:36,52.341515,2,6168,01
150,20.872854,746,2024-01-18 12:06:33,52.34544,2,6808,01
150,20.927675,746,2024-01-18 12:30:45,52.291077,2,6059,22
150,20.928167,746,2024-01-18 12:34:56,52.29084,2,6059,21
110,20.940294,747,2024-01-18 11:49:31,52.277752,3,6023,01
750,20.90188,748,2024-01-18 12:45:06,52.331738,1,6626,02
150,20.928164,754,2024-01-18 12:13:48,52.290848,6,6059,21
150,20.933626,755,2024-01-18 11:52:35,52.305367,5,6016,01
150,20.855782,755,2024-01-18 12:36:01,52.346485,5,6806,02
525,21.1966164,7705,2024-01-18 11:52:35,52.2082877,2,2032,01
525,21.1966132,7705,2024-01-18 11:53:43,52.2082946,2,2032,01
525,21.1966011,7705,2024-01-18 11:55:44,52.2082929,2,2032,01
525,21.1966017,7705,2024-01-18 11:56:39,52.2082882,2,2032,01
525,21.1966197,7705,2024-01-18 11:59:35,52.2082954,2,2032,01
525,21.1966044,7705,2024-01-18 12:00:42,52.2082852,2,2032,01
525,21.1966012,7705,2024-01-18 12:04:44,52.2083005,2,2032,01
525,21.1066285,7705,2024-01-18 12:25:58,52.2339197,2,2103,01
507,21.0053142,7707,2024-01-18 11:56:39,52.2295792,2,7002,16
507,21.0052987,7707,2024-01-18 11:58:41,52.2295641,2,7002,16
507,21.005308,7707,2024-01-18 11:59:36,52.2295807,2,7002,16
507,21.0053025,7707,2024-01-18 12:00:42,52.2295772,2,7002,16
507,21.0053125,7707,2024-01-18 12:04:44,52.2295769,2,7002,16
189,21.0387199,7711,2024-01-18 11:51:39,52.1727951,13,3097,02
189,21.0061901,7711,2024-01-18 12:00:42,52.1780581,13,3249,02
189,20.9142882,7711,2024-01-18 12:23:02,52.2086162,13,4213,02
189,20.9165446,7711,2024-01-18 12:32:59,52.2255865,13,5057,02
136,20.9601257,7718,2024-01-18 11:53:43,52.2377736,4,5028,06
136,21.0017616,7718,2024-01-18 12:23:57,52.1880797,4,3240,01
136,21.0019504,7718,2024-01-18 12:27:04,52.1826957,4,3242,01
136,21.0021906,7718,2024-01-18 12:28:56,52.1767629,4,3243,05
733,20.7838814,7725,2024-01-18 11:50:33,52.0489906,507,4296,02
733,20.9349647,7725,2024-01-18 12:40:09,52.1674706,507,4018,01
517,20.8617587,7727,2024-01-18 12:35:01,52.1909004,7,4221,03
517,20.8617367,7727,2024-01-18 12:36:06,52.1909069,7,4221,03
517,20.8617514,7727,2024-01-18 12:38:07,52.1909136,7,4221,03
517,20.8617574,7727,2024-01-18 12:39:03,52.1908966,7,4221,03
517,20.8617602,7727,2024-01-18 12:42:01,52.1908975,7,4221,03
105,20.8964087,7729,2024-01-18 12:32:04,52.2170981,6,5192,04
507,21.0691894,7737,2024-01-18 11:52:35,52.2254779,3,2143,02
507,21.0499522,7737,2024-01-18 11:59:36,52.2379661,3,2131,01
750,20.715025,774,2024-01-18 11:46:44,52.392117,2,6657,01
750,20.715034,774,2024-01-18 11:50:33,52.392105,2,6657,01
750,20.71504,774,2024-01-18 11:53:41,52.392097,2,6657,01
750,20.715033,774,2024-01-18 11:54:04,52.392097,2,6657,01
750,20.71504,774,2024-01-18 11:56:39,52.39209,2,6657,01
750,20.895594,774,2024-01-18 12:32:02,52.337231,2,6628,01
509,20.9827455,7742,2024-01-18 12:32:02,52.3088017,7,1017,02
250,20.893583,775,2024-01-18 11:58:42,52.295574,1,6103,02
250,20.92535,775,2024-01-18 12:09:46,52.282009,1,6026,08
250,20.927704,775,2024-01-18 12:35:59,52.291061,1,6059,22
250,20.927711,775,2024-01-18 12:38:07,52.291069,1,6059,22
143,21.1719902,7751,2024-01-18 12:05:41,52.2616964,3,2262,02
509,21.0691614,7753,2024-01-18 12:17:54,52.2254762,8,2143,02
520,21.0371016,7757,2024-01-18 11:47:34,52.2224016,6,7071,02
520,21.0076426,7757,2024-01-18 12:25:01,52.2363536,6,7014,01
520,21.0687255,7757,2024-01-18 12:40:08,52.2299565,6,2098,02
110,20.968397,776,2024-01-18 12:19:00,52.272102,4,6005,12
110,20.968397,776,2024-01-18 12:19:55,52.272099,4,6005,12
110,20.96839,776,2024-01-18 12:21:55,52.272106,4,6005,12
110,20.968395,776,2024-01-18 12:23:02,52.27211,4,6005,12
110,20.968386,776,2024-01-18 12:23:56,52.27211,4,6005,12
750,20.8770697,778,2024-01-18 12:21:56,52.3441672,4,6809,02
145,21.1114597,7800,2024-01-18 11:45:33,52.2822327,11,1222,02
402,21.0829807,7801,2024-01-18 12:15:53,52.2066712,6,3308,01
402,21.011304,7801,2024-01-18 12:38:08,52.1745554,6,3248,02
182,21.006406,7805,2024-01-18 11:52:35,52.2171819,7,7093,05
182,21.1129367,7805,2024-01-18 12:32:59,52.2362882,7,2105,01
520,21.1559681,7817,2024-01-18 11:55:44,52.2403909,1,2064,03
520,21.1559842,7817,2024-01-18 11:56:39,52.2403895,1,2064,03
520,21.1559879,7817,2024-01-18 12:06:37,52.2403959,1,2064,03
520,21.1560736,7817,2024-01-18 12:08:40,52.2403256,1,2064,04
502,21.2174077,7818,2024-01-18 12:34:05,52.2144222,466,2440,05
111,21.0172854,7820,2024-01-18 12:13:52,52.2392139,2,7044,02
520,21.1559679,7823,2024-01-18 12:37:00,52.2403877,3,2064,03
520,21.1559714,7823,2024-01-18 12:38:08,52.2403824,3,2064,03
520,21.1430355,7823,2024-01-18 12:42:01,52.2374005,3,2061,01
143,21.1733284,7825,2024-01-18 11:45:34,52.2618696,8,2262,01
143,21.1012074,7825,2024-01-18 12:05:41,52.2426194,8,2011,01
502,21.0155151,7827,2024-01-18 11:54:38,52.2187714,468,7006,12
521,21.0633164,7828,2024-01-18 12:32:05,52.2404522,6,2132,02
514,21.0155885,7831,2024-01-18 12:30:57,52.2192079,3,7006,14
514,21.0156106,7831,2024-01-18 12:32:59,52.2191867,3,7006,14
525,21.1550958,7834,2024-01-18 12:18:57,52.2260068,5,2019,02
525,21.1642778,7834,2024-01-18 12:21:53,52.2178615,5,2025,01
525,21.1642726,7835,2024-01-18 12:06:37,52.2178526,4,2025,01
525,21.1932238,7835,2024-01-18 12:13:51,52.2074063,4,2031,02
525,21.1974447,7835,2024-01-18 12:14:56,52.2083322,4,2032,04
525,21.1965989,7835,2024-01-18 12:25:58,52.2083022,4,2032,01
525,21.1965971,7835,2024-01-18 12:27:03,52.2082985,4,2032,01
525,21.1966175,7835,2024-01-18 12:32:04,52.2082967,4,2032,01
525,21.1966045,7835,2024-01-18 12:32:59,52.2083111,4,2032,01
525,21.1966075,7835,2024-01-18 12:34:04,52.2082979,4,2032,01
514,21.1619121,7839,2024-01-18 12:08:42,52.2548359,1,2317,02
514,21.2437801,7839,2024-01-18 12:25:03,52.2486346,1,2285,03
525,21.1966506,7843,2024-01-18 12:07:42,52.2082969,3,2032,01
525,21.1966419,7843,2024-01-18 12:15:52,52.2083029,3,2032,01
525,21.1966262,7843,2024-01-18 12:17:54,52.208299,3,2032,01
525,21.1966412,7843,2024-01-18 12:19:00,52.2083097,3,2032,01
525,21.1066162,7843,2024-01-18 12:42:01,52.2339257,3,2103,01
158,21.1002202,7845,2024-01-18 12:45:09,52.2381292,3,2107,04
143,21.1771607,7847,2024-01-18 12:10:44,52.2569782,2,2086,01
509,20.999726,7849,2024-01-18 12:15:53,52.2937706,6,1013,02
182,20.9741704,7858,2024-01-18 12:27:03,52.2185129,2,4043,03
182,21.0687377,7858,2024-01-18 12:45:08,52.2299787,2,2098,02
145,21.0361466,7859,2024-01-18 12:23:57,52.2883522,9,1156,02
520,21.1066185,7861,2024-01-18 11:51:40,52.233926,7,2103,01
520,21.016395,7861,2024-01-18 12:08:42,52.2228576,7,7011,08
520,21.0109922,7861,2024-01-18 12:13:52,52.2314297,7,7013,04
520,21.0021112,7861,2024-01-18 12:25:58,52.2430987,7,7016,01
520,21.0021277,7861,2024-01-18 12:27:04,52.2430924,7,7016,01
520,21.0021216,7861,2024-01-18 12:30:57,52.2431009,7,7016,01
520,21.002101,7861,2024-01-18 12:32:59,52.2431071,7,7016,01
520,21.0021112,7861,2024-01-18 12:36:07,52.243091,7,7016,01
502,21.2338974,7863,2024-01-18 11:55:44,52.2163835,465,2481,01
502,21.2174069,7863,2024-01-18 12:15:53,52.2144135,465,2440,05
143,21.0960731,7865,2024-01-18 12:15:53,52.2435027,5,2010,02
143,21.1781655,7865,2024-01-18 12:38:07,52.2608449,5,2263,02
509,21.0469419,7868,2024-01-18 11:45:34,52.2477299,9,2001,01
509,21.0723192,7868,2024-01-18 11:55:44,52.22508,9,2143,01
502,21.0371061,7871,2024-01-18 12:13:52,52.2224027,462,7071,02
502,21.0157666,7871,2024-01-18 12:35:00,52.2223109,462,7011,01
202,21.0422852,7872,2024-01-18 11:54:38,52.2424316,54,1231,09
525,21.0376139,7879,2024-01-18 12:14:58,52.2222805,319,7071,01
182,20.9649207,7880,2024-01-18 11:53:38,52.2180517,9,4044,03
182,20.9649221,7880,2024-01-18 11:56:40,52.2180537,9,4044,03
182,20.9649434,7880,2024-01-18 11:58:40,52.2180324,9,4044,03
182,20.9649382,7880,2024-01-18 11:59:37,52.218027,9,4044,03
182,20.964903,7880,2024-01-18 12:01:37,52.2180362,9,4044,03
102,21.1073465,7881,2024-01-18 11:47:36,52.2485964,58,2108,04
102,21.1073664,7881,2024-01-18 11:48:42,52.2485987,58,2108,04
102,21.1073394,7881,2024-01-18 11:49:38,52.2485919,58,2108,04
102,21.1073581,7881,2024-01-18 11:50:32,52.2486084,58,2108,04
102,21.1073526,7881,2024-01-18 11:51:39,52.2486039,58,2108,04
102,21.1073729,7881,2024-01-18 11:53:43,52.2485917,58,2108,04
141,20.9921211,7883,2024-01-18 11:52:35,52.197038,7,3255,02
141,20.9832564,7883,2024-01-18 12:30:57,52.1959867,7,4034,02
141,21.0242729,7883,2024-01-18 12:42:01,52.1980874,7,3005,02
523,21.1076172,7885,2024-01-18 11:45:34,52.2490045,4,2108,71
523,21.1068558,7885,2024-01-18 11:48:41,52.2480475,4,2108,02
720,21.4174162,7886,2024-01-18 12:35:00,52.1309622,2,2340,01
143,21.0687297,7888,2024-01-18 12:36:06,52.2299765,7,2098,02
704,21.3479193,7889,2024-01-18 11:52:35,52.2223926,1,2312,01
L47,21.3184186,80102,2024-01-18 11:52:31,52.2413508,1,2462,01
L47,21.3033893,80102,2024-01-18 12:11:49,52.2418426,1,2436,02
L47,21.3034253,80102,2024-01-18 12:13:52,52.2418201,1,2436,01
L47,21.3034228,80102,2024-01-18 12:14:54,52.2418278,1,2436,01
L47,21.3184455,80102,2024-01-18 12:21:53,52.2413451,1,2462,01
168,21.0081283,8303,2024-01-18 12:14:56,52.2084199,7,3228,02
187,20.8619516,8307,2024-01-18 12:28:56,52.1910223,11,4221,06
187,20.8619736,8307,2024-01-18 12:30:43,52.1910385,11,4221,06
187,20.8619706,8307,2024-01-18 12:34:05,52.191013,11,4221,06
136,21.0006841,8316,2024-01-18 11:47:25,52.1855998,8,3241,06
136,20.985217,8316,2024-01-18 11:56:39,52.2016145,8,4032,02
148,20.978239,8324,2024-01-18 11:45:34,52.1694808,6,4040,71
710,21.1181018,8326,2024-01-18 12:19:52,52.0785038,1,3181,01
724,21.0360423,8327,2024-01-18 12:07:41,52.0765143,667,3164,01
165,21.007912,8331,2024-01-18 12:38:09,52.1780675,4,3249,03
402,21.1346853,8333,2024-01-18 12:38:07,52.2413835,8,2059,01
522,21.0629468,8337,2024-01-18 11:45:32,52.1747843,3,3035,01
522,21.0717758,8337,2024-01-18 12:11:54,52.1610358,3,3354,02
709,21.0183073,8339,2024-01-18 12:32:56,52.1106798,4,3022,01
710,21.076531,8340,2024-01-18 12:31:56,52.0779033,5,3177,02
162,21.0273541,8341,2024-01-18 12:08:45,52.2596518,5,1005,09
162,21.0273591,8341,2024-01-18 12:10:45,52.2596633,5,1005,09
162,21.0273516,8341,2024-01-18 12:11:50,52.2596565,5,1005,09
162,21.034541,8341,2024-01-18 12:19:00,52.2584351,5,1066,01
148,21.0873033,8342,2024-01-18 12:23:45,52.244795,4,2008,17
402,21.1346633,8344,2024-01-18 11:52:29,52.2413817,5,2059,01
709,21.0181333,8364,2024-01-18 11:52:34,52.1170783,7,3020,01
709,21.0182833,8364,2024-01-18 11:54:27,52.1107033,7,3022,01
187,20.8976133,8365,2024-01-18 12:11:45,52.1973216,8,4262,01
709,21.018,8367,2024-01-18 12:00:40,52.1225067,1,3019,01
507,21.005305,8397,2024-01-18 11:45:23,52.2295583,1,7002,16
507,21.005305,8397,2024-01-18 11:48:38,52.2295583,1,7002,16
507,21.005305,8397,2024-01-18 11:49:26,52.2295583,1,7002,16
507,21.005305,8397,2024-01-18 11:50:29,52.2295583,1,7002,16
507,21.005305,8397,2024-01-18 11:51:32,52.2295583,1,7002,16
507,21.005305,8397,2024-01-18 11:52:35,52.2295583,1,7002,16
507,21.005305,8397,2024-01-18 11:53:38,52.2295583,1,7002,16
507,21.005305,8397,2024-01-18 11:54:26,52.2295583,1,7002,16
507,21.005305,8397,2024-01-18 11:55:29,52.2295583,1,7002,16
162,21.0304152,8442,2024-01-18 12:23:57,52.2307604,1,7069,02
162,21.0267869,8442,2024-01-18 12:27:03,52.2375521,1,7067,01
738,21.1149031,8444,2024-01-18 12:13:52,52.3349216,5,1239,02
527,21.056929,8447,2024-01-18 11:50:33,52.321804,55,1357,01
527,21.059103,8447,2024-01-18 11:56:40,52.302967,55,1179,01
527,21.068413,8447,2024-01-18 12:14:58,52.323421,55,1182,06
511,20.9657641,8452,2024-01-18 12:25:02,52.3308209,2,1022,01
132,21.060787,8457,2024-01-18 11:50:30,52.306465,3,1205,02
500,21.042,8462,2024-01-18 12:28:57,52.271057,1,1142,02
172,20.95347,8501,2024-01-18 11:47:28,52.21256,9,4051,01
504,21.0686733,8503,2024-01-18 11:52:30,52.1289483,6,3400,01
504,21.0686733,8503,2024-01-18 11:53:33,52.1289483,6,3400,01
504,21.0686733,8503,2024-01-18 11:54:36,52.1289483,6,3400,01
504,21.0686733,8503,2024-01-18 11:55:41,52.1289483,6,3400,01
504,21.0686733,8503,2024-01-18 11:56:28,52.1289483,6,3400,01
504,21.0686733,8503,2024-01-18 11:58:35,52.1289483,6,3400,01
504,21.0686733,8503,2024-01-18 11:59:22,52.1289483,6,3400,01
504,21.0686733,8503,2024-01-18 12:00:41,52.1289483,6,3400,01
504,21.0686733,8503,2024-01-18 12:01:28,52.1289483,6,3400,01
504,21.0686733,8503,2024-01-18 12:04:41,52.1289483,6,3400,01
504,21.0686733,8503,2024-01-18 12:05:28,52.1289483,6,3400,01
217,21.023634,8506,2024-01-18 12:15:35,52.179744,4,3009,09
519,21.05513,8508,2024-01-18 12:33:52,52.1821367,2,3033,51
174,21.010085,8509,2024-01-18 12:01:33,52.2036583,6,3229,02
168,21.091386,8515,2024-01-18 11:59:22,52.222491,3,2313,02
139,21.0619583,8517,2024-01-18 12:10:34,52.1710167,61,3041,01
519,21.098375,8518,2024-01-18 12:11:40,52.1231067,4,3052,01
401,21.03935,8519,2024-01-18 11:56:32,52.1539267,1,3136,01
724,21.1083383,8523,2024-01-18 12:01:36,52.08977,668,3222,02
724,21.0757217,8523,2024-01-18 12:38:52,52.1327333,668,3287,01
401,20.8705333,8538,2024-01-18 12:31:56,52.1982483,8,4219,01
727,21.024755,8547,2024-01-18 11:52:26,52.0792367,422,3163,02
710,21.11325,8560,2024-01-18 12:18:59,52.1062067,2,3304,01
710,21.1101033,8560,2024-01-18 12:39:03,52.0778767,2,3180,01
521,21.2046683,8561,2024-01-18 12:13:51,52.1593533,4,2052,03
521,21.2046683,8561,2024-01-18 12:14:55,52.1593533,4,2052,03
521,21.2046683,8561,2024-01-18 12:15:42,52.1593533,4,2052,03
521,21.2046683,8561,2024-01-18 12:17:49,52.1593533,4,2052,03
521,21.2046683,8561,2024-01-18 12:18:52,52.1593533,4,2052,03
521,21.2046683,8561,2024-01-18 12:19:53,52.1593533,4,2052,03
502,21.217523,8562,2024-01-18 11:58:34,52.214416,464,2440,03
502,21.217523,8562,2024-01-18 11:59:24,52.214416,464,2440,03
502,21.217521,8562,2024-01-18 12:01:25,52.214423,464,2440,03
502,21.2349467,8565,2024-01-18 11:52:33,52.21631,463,2481,02
162,21.0677983,8574,2024-01-18 12:18:59,52.191975,2,3090,02
162,21.0624667,8574,2024-01-18 12:19:47,52.1925717,2,3089,02
738,21.1352367,8583,2024-01-18 11:49:26,52.3594083,4,1242,02
738,21.15184,8583,2024-01-18 11:53:34,52.3791517,4,1449,02
738,21.195946,8583,2024-01-18 12:15:49,52.4035,4,1680,01
190,21.063175,8585,2024-01-18 11:56:26,52.2723183,11,1056,01
120,21.061875,8586,2024-01-18 12:04:43,52.3616967,3,1295,01
120,21.061875,8586,2024-01-18 12:05:30,52.3616967,3,1295,01
120,21.061875,8586,2024-01-18 12:06:34,52.3616967,3,1295,01
120,21.061875,8586,2024-01-18 12:07:37,52.3616967,3,1295,01
120,21.061875,8586,2024-01-18 12:08:40,52.3616967,3,1295,01
120,21.061875,8586,2024-01-18 12:09:44,52.3616967,3,1295,01
120,21.061875,8586,2024-01-18 12:10:30,52.3616967,3,1295,01
120,21.061875,8586,2024-01-18 12:11:50,52.3616967,3,1295,01
120,21.061875,8586,2024-01-18 12:13:41,52.3616967,3,1295,01
120,21.061875,8586,2024-01-18 12:14:44,52.3616967,3,1295,01
120,21.061875,8586,2024-01-18 12:15:48,52.3616967,3,1295,01
509,20.9412617,8589,2024-01-18 12:24:48,52.3316617,4,1253,01
509,20.940585,8592,2024-01-18 12:09:48,52.326875,3,1298,01
138,21.038465,8595,2024-01-18 12:09:34,52.2513317,6,1002,01
138,21.0371033,8595,2024-01-18 12:23:57,52.2223817,6,7071,02
138,21.009517,8801,2024-01-18 12:18:58,52.2032161,5,3229,04
141,20.9808653,8802,2024-01-18 11:56:34,52.1888549,5,4036,02
162,21.0546895,8805,2024-01-18 11:52:34,52.1948085,7,3061,02
162,21.0273411,8805,2024-01-18 12:25:00,52.2596736,7,1005,09
162,21.0273763,8805,2024-01-18 12:32:56,52.2596645,7,1005,09
162,21.027356,8805,2024-01-18 12:41:56,52.259653,7,1005,09
136,20.9968063,8809,2024-01-18 12:19:49,52.1855503,10,3466,02
143,21.0784663,8827,2024-01-18 11:47:34,52.2356768,6,2100,01
158,20.9494063,8828,2024-01-18 12:13:49,52.2115946,4,4126,01
158,21.0703008,8832,2024-01-18 12:25:54,52.2419683,8,2133,01
202,21.0419738,8835,2024-01-18 12:40:07,52.2420923,52,1231,07
523,21.0138133,8848,2024-01-18 11:58:34,52.2172763,1,7006,02
Z26,20.9301918,8858,2024-01-18 12:06:37,52.2248455,1,5011,07
Z26,20.93016,8858,2024-01-18 12:07:42,52.2248378,1,5011,07
512,21.0588845,8863,2024-01-18 12:15:48,52.2665958,3,1054,02
199,21.1182191,8868,2024-01-18 12:00:37,52.2880481,3,1332,02
199,21.179731,8868,2024-01-18 12:19:47,52.269103,3,2451,01
199,21.179739,8868,2024-01-18 12:28:47,52.2691,3,2451,01
512,21.0505318,8875,2024-01-18 12:07:45,52.25238,4,1028,13
187,21.0514086,8883,2024-01-18 12:09:40,52.199034,2,3060,02
709,21.0182948,8893,2024-01-18 11:45:31,52.1106846,8,3022,01
709,21.0187783,8893,2024-01-18 11:49:33,52.091656,8,3191,01
148,21.048518,8898,2024-01-18 12:33:59,52.1515535,7,3138,03
104,21.03336,9063,2024-01-18 11:49:36,52.334827,2,1176,01
104,21.033356,9063,2024-01-18 11:50:33,52.334831,2,1176,01
104,21.033358,9063,2024-01-18 11:53:41,52.334831,2,1176,01
104,21.033356,9063,2024-01-18 11:54:36,52.334831,2,1176,01
104,21.033371,9063,2024-01-18 11:56:36,52.334831,2,1176,01
104,21.033373,9063,2024-01-18 11:59:27,52.334835,2,1176,01
104,21.033369,9063,2024-01-18 12:01:37,52.334827,2,1176,01
104,21.032434,9063,2024-01-18 12:15:52,52.298897,2,1260,03
104,21.030973,9063,2024-01-18 12:19:55,52.293552,2,1085,13
104,21.037972,9063,2024-01-18 12:36:04,52.314808,2,1512,02
161,21.210669,9064,2024-01-18 11:55:41,52.161766,1,2048,05
161,21.187952,9064,2024-01-18 12:40:05,52.171947,1,2167,02
161,21.210648,9066,2024-01-18 12:24:59,52.161762,2,2048,05
211,20.942308,9067,2024-01-18 11:49:36,52.348518,461,1317,01
211,20.948231,9067,2024-01-18 12:05:40,52.331982,461,1315,02
211,20.952999,9067,2024-01-18 12:06:37,52.331669,461,1316,02
211,20.965378,9067,2024-01-18 12:11:50,52.322575,461,1497,01
211,20.989813,9067,2024-01-18 12:30:56,52.302723,461,1016,01
314,21.001451,9068,2024-01-18 12:40:07,52.31377,4,1095,01
211,20.99972,9070,2024-01-18 11:49:37,52.293755,1,1013,02
211,20.964514,9070,2024-01-18 12:01:34,52.31324,1,1122,02
211,20.957405,9070,2024-01-18 12:09:43,52.327217,1,1278,02
211,20.955,9070,2024-01-18 12:10:42,52.330101,1,1118,02
211,20.925468,9071,2024-01-18 12:45:08,52.348301,2,1944,01
211,20.977827,9072,2024-01-18 12:09:45,52.302769,4,1500,01
211,20.981834,9072,2024-01-18 12:39:01,52.302212,4,1571,01
211,20.964531,9072,2024-01-18 12:45:04,52.313236,4,1122,02
262,21.067795,9073,2024-01-18 11:52:34,52.277508,2,1057,02
262,21.087843,9073,2024-01-18 12:07:43,52.286552,2,1064,03
262,21.087852,9073,2024-01-18 12:13:47,52.286545,2,1064,03
262,21.087845,9073,2024-01-18 12:14:58,52.286545,2,1064,03
262,21.087858,9073,2024-01-18 12:17:53,52.286552,2,1064,03
262,21.069069,9073,2024-01-18 12:27:02,52.279575,2,1058,01
900,20.955763,9078,2024-01-18 12:17:54,52.346096,1,1569,01
900,20.951693,9078,2024-01-18 12:19:53,52.343174,1,1025,01
314,20.96104,9080,2024-01-18 12:19:54,52.316315,1,1256,03
262,21.087881,9082,2024-01-18 11:45:24,52.286552,1,1064,03
262,21.087889,9082,2024-01-18 11:47:34,52.286552,1,1064,03
262,21.054924,9082,2024-01-18 12:01:35,52.275574,1,1140,02
262,21.087893,9082,2024-01-18 12:32:59,52.286552,1,1064,03
262,21.087891,9082,2024-01-18 12:34:05,52.286556,1,1064,03
262,21.087889,9082,2024-01-18 12:39:00,52.286549,1,1064,03
262,21.087879,9082,2024-01-18 12:40:05,52.286552,1,1064,03
262,21.087893,9082,2024-01-18 12:41:56,52.286549,1,1064,03
262,21.087887,9082,2024-01-18 12:45:06,52.286545,1,1064,03
314,21.038572,9088,2024-01-18 12:09:47,52.358799,2,1438,01
314,21.039331,9088,2024-01-18 12:18:59,52.326496,2,1560,01
314,21.017164,9088,2024-01-18 12:28:56,52.305634,2,1089,05
314,20.952785,9089,2024-01-18 11:45:30,52.317234,454,1277,09
314,21.02986,9089,2024-01-18 12:14:56,52.315392,454,1170,02
314,21.052902,9089,2024-01-18 12:36:59,52.36124,454,1294,01
104,21.032833,9092,2024-01-18 11:45:34,52.295998,1,1150,01
104,21.030964,9092,2024-01-18 11:54:34,52.293537,1,1085,13
104,21.033381,9092,2024-01-18 12:14:53,52.334812,1,1176,01
104,21.03335,9092,2024-01-18 12:15:54,52.334808,1,1176,01
104,21.033365,9092,2024-01-18 12:17:44,52.334805,1,1176,01
104,21.033365,9092,2024-01-18 12:22:59,52.334805,1,1176,01
104,21.033344,9092,2024-01-18 12:28:55,52.334808,1,1176,01
104,21.033352,9092,2024-01-18 12:32:00,52.334808,1,1176,01
104,21.033379,9092,2024-01-18 12:32:55,52.334808,1,1176,01
164,21.138193,9202,2024-01-18 11:54:36,52.145792,3,3159,01
164,21.138161,9202,2024-01-18 11:55:43,52.145777,3,3159,01
133,20.9523708,9203,2024-01-18 11:51:35,52.3169438,348,1277,07
133,20.9523708,9203,2024-01-18 11:52:31,52.3169438,348,1277,07
133,20.9523692,9203,2024-01-18 11:53:38,52.3169411,348,1277,07
133,20.9523692,9203,2024-01-18 11:54:40,52.3169411,348,1277,07
264,21.0838723,9204,2024-01-18 12:18:59,52.1677161,1,3044,03
264,21.0838793,9204,2024-01-18 12:21:53,52.1677139,1,3044,03
264,21.083888,9204,2024-01-18 12:28:56,52.1677058,1,3044,03
264,21.0915806,9204,2024-01-18 12:36:58,52.1508498,1,3046,01
211,20.9641553,9206,2024-01-18 11:50:18,52.3229558,5,1497,02
209,21.029746,9208,2024-01-18 12:22:21,52.15312,571,3131,02
209,20.992359,9208,2024-01-18 12:40:11,52.126976,571,3399,02
209,20.981095,9208,2024-01-18 12:41:59,52.132758,571,3407,03
211,20.959634,9212,2024-01-18 12:32:04,52.311333,460,1469,05
133,20.9463311,9214,2024-01-18 12:23:54,52.3241778,1,1194,01
201,20.933119,9221,2024-01-18 12:15:48,52.257751,3,5150,03
203,20.9033527,9229,2024-01-18 11:45:33,52.2749941,472,6191,01
305,21.139839,9232,2024-01-18 11:51:35,52.224052,1,2185,02
305,21.14976,9232,2024-01-18 12:19:52,52.227187,1,2261,01
305,21.149774,9232,2024-01-18 12:32:56,52.227182,1,2261,01
164,21.060846,9245,2024-01-18 11:56:38,52.184834,2,3092,01
164,21.085262,9245,2024-01-18 12:07:40,52.193312,2,3079,05
135,21.096491,9311,2024-01-18 12:15:53,52.232372,6,2250,02
135,21.107134,9311,2024-01-18 12:27:00,52.248344,6,2108,03
135,21.086287,9311,2024-01-18 12:45:06,52.23531,6,2101,04
135,21.084381,9315,2024-01-18 12:26:59,52.239071,5,2130,04
135,21.057423,9315,2024-01-18 12:36:07,52.247097,5,2003,01
135,21.051165,9315,2024-01-18 12:38:05,52.247471,5,2002,01
135,21.036707,9316,2024-01-18 12:26:56,52.253117,4,1002,06
179,21.056688,9321,2024-01-18 12:32:59,52.131191,7,3284,02
179,21.068588,9326,2024-01-18 11:51:35,52.12891,3,3400,02
179,21.033773,9327,2024-01-18 12:05:40,52.155708,11,3132,02
179,21.021307,9327,2024-01-18 12:09:47,52.158905,11,3129,02
135,21.084396,9328,2024-01-18 11:47:35,52.239079,3,2130,04
135,21.0445,9328,2024-01-18 12:42:01,52.262547,3,1562,01
135,21.064335,9331,2024-01-18 12:19:55,52.246384,1,2004,02
135,21.103132,9331,2024-01-18 12:41:58,52.243626,1,2011,08
179,21.063135,9333,2024-01-18 12:40:09,52.145824,6,3190,02
179,21.059244,9333,2024-01-18 12:42:01,52.150005,6,3208,02
739,21.018015,9339,2024-01-18 12:07:37,52.122501,2,3019,01
142,21.242222,9342,2024-01-18 12:10:44,52.16993,5,2222,01
142,21.242188,9342,2024-01-18 12:15:52,52.169926,5,2222,01
142,21.242233,9342,2024-01-18 12:19:53,52.16991,5,2222,01
135,21.027155,9343,2024-01-18 12:09:46,52.259602,2,1005,11
135,21.02713,9343,2024-01-18 12:13:51,52.259613,2,1005,11
135,21.027143,9343,2024-01-18 12:14:51,52.259609,2,1005,11
179,21.060251,9348,2024-01-18 11:58:41,52.148495,5,3208,01
179,21.055593,9348,2024-01-18 12:34:02,52.15321,5,3207,02
179,21.049192,9348,2024-01-18 12:36:05,52.154358,5,3122,01
179,21.068581,9350,2024-01-18 11:47:32,52.12891,2,3400,02
179,21.033722,9350,2024-01-18 12:15:53,52.150089,2,3134,01
179,21.029398,9350,2024-01-18 12:27:03,52.161983,2,3127,04
179,21.036961,9350,2024-01-18 12:36:07,52.162041,2,3120,05
179,21.036959,9350,2024-01-18 12:37:01,52.162037,2,3120,05
179,21.036964,9350,2024-01-18 12:38:08,52.162022,2,3120,05
179,21.036961,9350,2024-01-18 12:39:00,52.162045,2,3120,05
179,21.055578,9356,2024-01-18 12:23:56,52.153217,4,3207,02
516,20.959587,9405,2024-01-18 12:09:48,52.324192,4,1313,03
516,20.942038,9405,2024-01-18 12:28:54,52.334061,4,1253,07
152,20.970699,9412,2024-01-18 12:15:52,52.32058,5,1020,03
152,20.952387,9412,2024-01-18 12:23:00,52.316948,5,1277,07
152,20.952374,9412,2024-01-18 12:23:55,52.316933,5,1277,07
152,20.952368,9412,2024-01-18 12:25:01,52.316956,5,1277,07
152,20.95237,9412,2024-01-18 12:25:57,52.316956,5,1277,07
152,20.95237,9412,2024-01-18 12:27:03,52.316948,5,1277,07
152,20.952383,9412,2024-01-18 12:28:52,52.316948,5,1277,07
103,20.955109,9413,2024-01-18 12:19:00,52.283649,3,6008,06
516,20.942041,9414,2024-01-18 12:40:09,52.33403,5,1253,07
157,20.963806,9421,2024-01-18 12:05:40,52.207966,9,4119,02
157,20.963818,9421,2024-01-18 12:06:37,52.20797,9,4119,02
157,20.970509,9421,2024-01-18 12:23:54,52.209915,9,4118,01
157,20.995281,9423,2024-01-18 11:47:33,52.227535,5,4052,06
157,20.972315,9424,2024-01-18 12:07:45,52.282413,4,6136,02
157,20.983063,9424,2024-01-18 12:27:04,52.272655,4,6076,01
103,20.954123,9425,2024-01-18 11:58:40,52.283298,6,6008,05
743,20.897085,9429,2024-01-18 12:05:41,52.223492,3,5046,01
743,20.897085,9429,2024-01-18 12:06:38,52.223492,3,5046,01
743,20.897085,9429,2024-01-18 12:07:45,52.223492,3,5046,01
516,20.937607,9431,2024-01-18 11:49:35,52.336639,2,1404,02
516,20.942041,9431,2024-01-18 11:56:35,52.334045,2,1253,07
516,20.942055,9431,2024-01-18 11:58:41,52.334045,2,1253,07
516,20.942053,9431,2024-01-18 11:59:32,52.334049,2,1253,07
516,20.936909,9431,2024-01-18 12:09:46,52.326633,2,1402,01
516,20.940348,9431,2024-01-18 12:11:47,52.320629,2,1120,01
157,20.97636,9432,2024-01-18 12:32:59,52.28986,6,6082,06
157,20.976337,9432,2024-01-18 12:34:02,52.289852,6,6082,06
157,20.976343,9432,2024-01-18 12:34:59,52.289852,6,6082,06
157,20.976328,9432,2024-01-18 12:36:03,52.289852,6,6082,06
152,21.041533,9433,2024-01-18 12:08:39,52.326546,2,1560,02
152,21.060358,9433,2024-01-18 12:15:52,52.315094,2,1359,02
152,21.060375,9433,2024-01-18 12:17:52,52.315094,2,1359,02
152,21.060375,9433,2024-01-18 12:18:58,52.315083,2,1359,02
152,21.060373,9433,2024-01-18 12:19:54,52.31509,2,1359,02
152,21.060373,9433,2024-01-18 12:21:54,52.315083,2,1359,02
152,21.060364,9433,2024-01-18 12:23:00,52.315086,2,1359,02
152,21.060364,9433,2024-01-18 12:23:56,52.315083,2,1359,02
103,20.92696,9435,2024-01-18 11:53:42,52.290215,7,6059,71
103,20.945536,9435,2024-01-18 12:07:42,52.294434,7,6013,01
103,20.965122,9435,2024-01-18 12:32:02,52.240147,7,5112,01
176,20.986372,9436,2024-01-18 12:32:03,52.335064,2,1104,03
516,20.942049,9437,2024-01-18 12:09:45,52.334049,3,1253,07
516,20.942043,9437,2024-01-18 12:10:42,52.334053,3,1253,07
516,20.942051,9437,2024-01-18 12:11:47,52.334045,3,1253,07
516,20.94203,9437,2024-01-18 12:13:48,52.334053,3,1253,07
516,20.942055,9437,2024-01-18 12:14:54,52.334042,3,1253,07
516,20.942055,9437,2024-01-18 12:15:50,52.334049,3,1253,07
516,21.000916,9437,2024-01-18 12:41:59,52.29113,3,1013,09
516,21.000916,9437,2024-01-18 12:45:07,52.291145,3,1013,09
152,20.999098,9438,2024-01-18 12:17:45,52.33786,3,1109,02
152,20.967979,9439,2024-01-18 12:34:03,52.326984,1,1021,01
152,20.98564,9440,2024-01-18 11:47:36,52.334431,4,1104,01
157,20.995546,9441,2024-01-18 12:00:41,52.258247,1,7019,01
103,20.949783,9442,2024-01-18 11:51:38,52.290302,1,6011,02
103,20.926956,9442,2024-01-18 12:13:47,52.290207,1,6059,71
103,20.946768,9444,2024-01-18 12:08:38,52.293571,2,6012,02
234,21.066908,9454,2024-01-18 12:01:36,52.339024,3,1558,02
234,21.066927,9454,2024-01-18 12:04:45,52.339031,3,1558,02
234,21.066929,9454,2024-01-18 12:05:41,52.339024,3,1558,02
234,21.066893,9454,2024-01-18 12:10:41,52.339035,3,1558,02
234,21.066904,9454,2024-01-18 12:11:47,52.339031,3,1558,02
157,20.984997,9455,2024-01-18 12:08:35,52.220394,7,4003,01
157,20.995283,9455,2024-01-18 12:13:49,52.227531,7,4052,06
234,21.022469,9457,2024-01-18 11:47:31,52.311893,1,1526,01
157,20.993723,9458,2024-01-18 12:23:57,52.22974,8,5088,01
149,20.9137955,9503,2024-01-18 12:39:00,52.2378135,663,5034,71
715,21.005018667,9509,2024-01-18 12:25:54,52.110244667,53,3024,02
159,21.046305333,9510,2024-01-18 12:07:41,52.215381833,8,7073,02
121,20.9436635,9512,2024-01-18 11:59:33,52.294536667,3,6013,05
194,20.904878,9513,2024-01-18 11:47:28,52.207563667,1,4222,01
149,20.9138275,9516,2024-01-18 11:45:31,52.237813333,662,5034,71
149,20.897099,9516,2024-01-18 11:55:41,52.242714833,662,5051,02
159,21.066752333,9520,2024-01-18 12:06:36,52.2030725,2,3323,01
715,20.944026333,9525,2024-01-18 12:06:38,52.175146,61,4015,17
715,20.936400833,9525,2024-01-18 12:32:59,52.149625167,61,4167,01
715,20.9712655,9525,2024-01-18 12:38:08,52.136937333,61,4170,01
194,20.913655833,9527,2024-01-18 11:52:31,52.211789,2,4212,01
194,20.913115667,9527,2024-01-18 11:53:41,52.208647167,2,4213,51
194,20.8729345,9527,2024-01-18 12:06:36,52.1951455,2,4205,02
220,20.919047333,9534,2024-01-18 11:55:44,52.2576965,2,5064,03
220,20.9267915,9534,2024-01-18 12:22:59,52.263737833,2,5062,03
220,20.925137333,9535,2024-01-18 12:28:53,52.2605955,3,5161,14
220,20.925125167,9535,2024-01-18 12:30:53,52.260598833,3,5161,14
220,20.918279667,9540,2024-01-18 12:34:03,52.1753655,6,4327,02
712,20.864855333,9543,2024-01-18 12:36:05,52.274175667,1,6112,01
220,20.919032333,9549,2024-01-18 12:38:05,52.257676167,4,5064,03
220,20.919897167,9552,2024-01-18 12:10:43,52.2493665,1,5106,02
220,20.8966725,9552,2024-01-18 12:23:53,52.231049167,1,5048,01
159,21.036647333,9557,2024-01-18 12:30:57,52.221946333,7,7071,06
737,21.036957,9561,2024-01-18 12:28:52,52.161921667,54,3120,06
212,21.027157,9679,2024-01-18 11:45:34,52.259598,5,1005,11
212,21.033079,9679,2024-01-18 11:48:36,52.264095,5,1074,02
212,21.031305,9679,2024-01-18 11:50:30,52.266811,5,1075,02
212,21.038948,9679,2024-01-18 11:52:34,52.269203,5,1077,02
212,21.046028,9679,2024-01-18 11:55:42,52.272541,5,1138,01
212,21.056936,9679,2024-01-18 12:32:01,52.301865,5,1179,05
212,21.056929,9679,2024-01-18 12:32:56,52.301865,5,1179,05
226,21.050688,9680,2024-01-18 12:23:48,52.345917,3,1686,01
110,20.9027,9686,2024-01-18 12:40:08,52.283749,71,6029,01
736,20.922985,9687,2024-01-18 11:50:25,52.398071,1,1193,02
736,20.992411,9687,2024-01-18 12:34:59,52.310795,1,1125,01
226,21.0505644,9689,2024-01-18 11:53:44,52.3173061,1,1286,01
212,21.056923,9693,2024-01-18 12:05:41,52.301868,4,1179,05
212,21.056925,9693,2024-01-18 12:08:39,52.301868,4,1179,05
212,21.056929,9693,2024-01-18 12:09:44,52.301853,4,1179,05
212,21.056921,9693,2024-01-18 12:10:40,52.301865,4,1179,05
212,21.056929,9693,2024-01-18 12:11:46,52.301868,4,1179,05
212,21.056925,9693,2024-01-18 12:13:51,52.301861,4,1179,05
212,21.041458,9693,2024-01-18 12:23:56,52.292004,4,1147,03
212,21.048897,9694,2024-01-18 11:47:32,52.286541,2,1215,03
212,21.04282,9694,2024-01-18 12:05:40,52.273197,2,1143,01
212,21.027143,9694,2024-01-18 12:18:55,52.259594,2,1005,11
212,21.027145,9694,2024-01-18 12:19:51,52.259594,2,1005,11
212,21.027147,9694,2024-01-18 12:21:54,52.259598,2,1005,11
212,21.027136,9694,2024-01-18 12:23:56,52.259617,2,1005,11
212,21.030792,9694,2024-01-18 12:27:01,52.260963,2,1005,08
212,21.057274,9694,2024-01-18 12:38:03,52.270565,2,1136,03
212,21.056942,9696,2024-01-18 11:50:33,52.301868,3,1179,05
212,21.027102,9696,2024-01-18 12:37:01,52.259602,3,1005,11
212,21.027102,9696,2024-01-18 12:41:57,52.259598,3,1005,11
204,21.055824,9698,2024-01-18 11:47:35,52.324669,1,1326,02
204,21.041809,9698,2024-01-18 11:52:34,52.317734,1,1355,01
204,21.032982,9698,2024-01-18 12:14:55,52.29882,1,1165,02
212,21.027145,9699,2024-01-18 11:55:44,52.259605,1,1005,11
212,21.027149,9699,2024-01-18 11:58:41,52.259613,1,1005,11
212,21.027142,9699,2024-01-18 11:59:36,52.259594,1,1005,11
212,21.027138,9699,2024-01-18 12:00:41,52.259609,1,1005,11
212,21.02714,9699,2024-01-18 12:01:36,52.259602,1,1005,11
212,21.051065,9699,2024-01-18 12:15:54,52.269386,1,1137,02
185,21.0219755,9803,2024-01-18 11:49:36,52.1426341,8,3292,04
185,21.0377361,9803,2024-01-18 12:17:48,52.1629295,8,3120,02
185,21.0418464,9803,2024-01-18 12:19:54,52.1709971,8,3098,02
131,21.0152488,9804,2024-01-18 12:10:38,52.2187551,1,7006,05
131,21.0688133,9804,2024-01-18 12:34:59,52.1815096,1,3065,06
185,21.0377463,9805,2024-01-18 11:47:30,52.16295,6,3120,02
185,21.0631926,9805,2024-01-18 11:59:33,52.187572,6,3064,03
185,20.9809595,9805,2024-01-18 12:30:55,52.2757303,6,6077,06
185,20.97229,9805,2024-01-18 12:34:04,52.2824246,6,6136,02
131,21.0688153,9809,2024-01-18 12:04:41,52.1815156,7,3065,06
131,21.06898,9809,2024-01-18 12:06:33,52.181353,7,3065,05
131,21.0690025,9809,2024-01-18 12:07:43,52.1813711,7,3065,05
131,21.0690055,9809,2024-01-18 12:08:39,52.1813668,7,3065,05
131,21.0689796,9809,2024-01-18 12:09:45,52.1813675,7,3065,05
131,21.0689848,9809,2024-01-18 12:11:47,52.1813596,7,3065,05
131,21.0689851,9809,2024-01-18 12:13:51,52.1813713,7,3065,05
131,21.068971,9809,2024-01-18 12:14:57,52.1813798,7,3065,05
131,21.0632166,9810,2024-01-18 11:50:13,52.1875552,4,3064,03
185,21.03741,9812,2024-01-18 11:50:33,52.145369,9,3299,01
185,21.049066,9812,2024-01-18 12:32:03,52.155436,9,3122,02
185,21.03773,9812,2024-01-18 12:34:55,52.162946,9,3120,02
167,20.897575,9813,2024-01-18 12:07:43,52.245913,4,5052,01
131,21.06899,9815,2024-01-18 11:50:30,52.181359,6,3065,05
131,21.068983,9815,2024-01-18 11:53:43,52.181357,6,3065,05
131,21.068995,9815,2024-01-18 11:59:33,52.181356,6,3065,05
131,21.049687,9815,2024-01-18 12:15:48,52.20375,6,3059,02
131,21.009956,9815,2024-01-18 12:36:53,52.22959,6,7013,06
131,21.009956,9815,2024-01-18 12:36:53,52.22959,6,7013,06
131,21.009956,9815,2024-01-18 12:36:53,52.22959,6,7013,06
131,21.009956,9815,2024-01-18 12:36:53,52.22959,6,7013,06
131,21.0775831,9821,2024-01-18 12:22:59,52.1755535,8,3067,02
185,20.9723313,9823,2024-01-18 11:50:30,52.2824236,3,6136,02
167,21.077333,9824,2024-01-18 12:32:02,52.208884,12,3072,02
167,20.8979345,9825,2024-01-18 11:51:34,52.2556168,5,5054,01
185,21.0446785,9827,2024-01-18 12:30:54,52.1494381,12,3280,02
167,20.941869,9828,2024-01-18 12:38:57,52.23133,9,5098,02
167,20.979959,9829,2024-01-18 12:09:06,52.214732,2,4004,01
131,21.029776,9830,2024-01-18 11:59:32,52.20699,9,3026,55
131,21.048576,9830,2024-01-18 12:05:36,52.205824,9,3058,01
131,21.052451,9830,2024-01-18 12:09:48,52.196254,9,3060,01
185,21.047304,9832,2024-01-18 11:48:38,52.177649,10,3094,02
185,21.037477,9832,2024-01-18 12:05:41,52.140797,10,3333,02
185,21.023596,9833,2024-01-18 12:25:01,52.1428702,11,3292,02
167,20.8850833,9844,2024-01-18 12:38:05,52.2646226,7,5162,01
167,20.885081,9844,2024-01-18 12:39:01,52.2646098,7,5162,01
167,20.9677656,9845,2024-01-18 12:09:44,52.2142853,8,4154,02
167,20.9629005,9845,2024-01-18 12:10:39,52.2159895,8,4045,04
167,21.0060006,9848,2024-01-18 12:01:37,52.2127663,1,7094,01
167,21.0735306,9848,2024-01-18 12:22:59,52.2121375,1,3071,01
185,20.985482,9854,2024-01-18 12:38:59,52.26972,4,6003,03
114,21.018127,9901,2024-01-18 11:47:35,52.291935,3,1158,03
114,20.990612,9901,2024-01-18 11:54:33,52.270195,3,6099,02
114,20.990602,9901,2024-01-18 11:55:43,52.270187,3,6099,02
114,20.945822,9901,2024-01-18 12:08:42,52.271656,3,6045,02
114,20.934694,9901,2024-01-18 12:45:04,52.298443,3,6061,02
114,21.029673,9902,2024-01-18 12:15:51,52.28812,5,1083,01
114,20.990622,9903,2024-01-18 12:42:00,52.270191,6,6099,02
210,20.922859,9904,2024-01-18 11:56:38,52.281551,6,6026,02
210,20.767378,9904,2024-01-18 12:21:54,52.307823,6,6116,01
210,20.767364,9904,2024-01-18 12:22:59,52.307831,6,6116,01
210,20.767378,9904,2024-01-18 12:23:55,52.307831,6,6116,01
210,20.767399,9904,2024-01-18 12:25:56,52.307831,6,6116,01
210,20.767382,9904,2024-01-18 12:27:00,52.307823,6,6116,01
210,20.767366,9904,2024-01-18 12:28:52,52.307835,6,6116,01
210,20.767399,9904,2024-01-18 12:30:53,52.307827,6,6116,01
210,20.767403,9905,2024-01-18 11:58:40,52.307835,4,6116,01
210,20.767405,9905,2024-01-18 11:59:35,52.307831,4,6116,01
114,21.021904,9906,2024-01-18 12:00:42,52.286629,4,1157,02
114,20.945816,9906,2024-01-18 12:23:01,52.271648,4,6045,02
114,20.937607,9906,2024-01-18 12:24:59,52.275002,4,6046,05
114,20.933161,9906,2024-01-18 12:38:05,52.289524,4,6057,04
114,21.042538,9909,2024-01-18 12:38:08,52.299164,7,1152,01
114,21.041447,9909,2024-01-18 12:41:56,52.292011,7,1147,03
114,20.927874,9913,2024-01-18 12:08:42,52.291206,M22,6059,20
186,20.940567,9915,2024-01-18 12:23:52,52.326878,6,1298,01
186,20.983933,9915,2024-01-18 12:36:00,52.307259,6,1017,01
186,20.989819,9915,2024-01-18 12:38:07,52.302723,6,1016,01
193,21.011393,9918,2024-01-18 11:51:38,52.172203,2,3404,02
193,21.036957,9918,2024-01-18 12:23:57,52.161915,2,3120,06
193,21.03698,9918,2024-01-18 12:25:55,52.161942,2,3120,06
186,20.967403,9921,2024-01-18 12:25:00,52.2733,9,6075,05
186,20.977936,9921,2024-01-18 12:36:07,52.313133,9,1018,02
114,20.927874,9923,2024-01-18 12:18:56,52.291195,M23,6059,20
114,20.92787,9923,2024-01-18 12:25:55,52.291195,M23,6059,20
114,20.917147,9923,2024-01-18 12:45:05,52.312897,M23,6145,01
114,20.934706,9925,2024-01-18 12:15:53,52.298458,1,6061,02
114,20.929111,9925,2024-01-18 12:28:54,52.27121,1,6223,01
114,20.923304,9927,2024-01-18 12:01:36,52.276329,2,6049,02
210,20.932846,9932,2024-01-18 12:22:53,52.288383,2,6057,01
210,20.932846,9932,2024-01-18 12:23:57,52.288383,2,6057,01
210,20.815596,9932,2024-01-18 12:41:58,52.292522,2,6122,02
210,20.798342,9932,2024-01-18 12:45:03,52.296509,2,6119,02
186,20.983931,9933,2024-01-18 12:13:51,52.307247,4,1017,01
186,20.952427,9933,2024-01-18 12:25:59,52.261959,4,6129,04
186,20.957447,9933,2024-01-18 12:28:52,52.246609,4,5069,05
186,20.94059,9935,2024-01-18 12:36:57,52.326878,495,1298,01
186,20.952419,9936,2024-01-18 12:01:35,52.261951,2,6129,04
114,20.934715,9937,2024-01-18 11:59:31,52.298428,9,6061,02
193,20.995441,9938,2024-01-18 12:13:51,52.170219,4,3267,71
193,20.995451,9938,2024-01-18 12:14:58,52.170204,4,3267,71
193,21.037878,9938,2024-01-18 12:38:07,52.154308,4,3136,04
186,20.951374,9939,2024-01-18 11:48:42,52.319077,494,1277,02
186,20.940563,9939,2024-01-18 12:13:50,52.326904,494,1298,01
186,20.983925,9939,2024-01-18 12:27:04,52.307243,494,1017,01
186,20.957481,9941,2024-01-18 12:17:52,52.246613,3,5069,05
186,20.976263,9941,2024-01-18 12:34:57,52.204903,3,4113,02
186,20.958258,9942,2024-01-18 11:52:32,52.22414,8,5096,02
186,20.956568,9942,2024-01-18 11:56:39,52.231983,8,5007,06
210,20.932859,9944,2024-01-18 12:07:45,52.288387,1,6057,01
210,20.840132,9944,2024-01-18 12:23:02,52.291378,1,6124,02
193,21.036318,9949,2024-01-18 11:59:32,52.161366,1,3120,04
193,21.011883,9949,2024-01-18 12:34:58,52.173546,1,3248,03
210,20.928337,9951,2024-01-18 12:34:05,52.290993,3,6059,19
210,20.922871,9951,2024-01-18 12:40:10,52.28154,3,6026,02
193,21.046185,9952,2024-01-18 12:07:45,52.157185,5,3121,03
