Zespol,Slupek,Lines,RealTime,TimeTable
1003,03,190,2024-01-18 18:02:05,17:58:00
1003,03,190,2024-01-18 18:02:05,18:06:00
1003,01,509,2024-01-18 18:05:05,18:02:00
1003,01,509,2024-01-18 18:05:05,18:12:00
1003,01,509,2024-01-18 18:17:10,18:12:00
1003,01,509,2024-01-18 18:17:10,18:22:00
1005,11,135,2024-01-18 18:29:10,18:36:00
1005,11,135,2024-01-18 18:12:57,18:16:00
1005,07,162,2024-01-18 18:11:02,18:10:00
1005,18,166,2024-01-18 18:17:02,18:25:00
1005,18,166,2024-01-18 18:18:03,18:25:00
1005,18,166,2024-01-18 18:19:03,18:25:00
1005,18,166,2024-01-18 18:20:03,18:25:00
1005,18,166,2024-01-18 18:21:05,18:25:00
1005,18,166,2024-01-18 18:22:05,18:25:00
1005,18,166,2024-01-18 18:33:15,18:25:00
1005,06,170,2024-01-18 18:27:05,18:20:00
1005,06,170,2024-01-18 18:27:05,18:35:00
1005,11,212,2024-01-18 17:59:57,18:05:00
1005,11,212,2024-01-18 18:02:59,18:05:00
1005,11,212,2024-01-18 17:43:47,17:50:00
1005,11,212,2024-01-18 17:44:55,17:50:00
1005,11,212,2024-01-18 18:40:16,18:45:00
1013,12,736,2024-01-18 18:34:04,18:42:00
1013,12,736,2024-01-18 18:35:09,18:42:00
1013,12,736,2024-01-18 18:36:09,18:42:00
1013,12,736,2024-01-18 18:38:09,18:42:00
1013,12,736,2024-01-18 18:40:09,18:42:00
1015,02,186,2024-01-18 18:18:06,18:20:00
1016,01,509,2024-01-18 18:38:15,18:37:00
1016,01,509,2024-01-18 18:38:15,18:42:00
1017,01,518,2024-01-18 18:06:01,18:01:00
1017,02,518,2024-01-18 17:45:54,17:40:00
1017,02,518,2024-01-18 17:45:54,17:50:00
1018,01,516,2024-01-18 18:08:57,18:06:00
1018,02,516,2024-01-18 18:19:13,18:21:00
1019,02,186,2024-01-18 17:57:57,17:56:00
1019,02,186,2024-01-18 17:57:57,18:06:00
1019,02,511,2024-01-18 18:34:12,18:33:00
1020,01,314,2024-01-18 17:54:59,17:53:00
1020,03,509,2024-01-18 18:23:59,18:18:00
1020,03,509,2024-01-18 18:23:59,18:26:00
1021,02,152,2024-01-18 18:17:10,18:14:00
1027,01,731,2024-01-18 18:29:07,18:25:00
1034,01,138,2024-01-18 17:50:51,17:49:00
1036,03,156,2024-01-18 17:48:48,17:47:00
1043,01,338,2024-01-18 17:49:55,17:42:00
1043,01,338,2024-01-18 17:49:55,17:57:00
1054,01,512,2024-01-18 17:56:55,17:55:00
1055,01,190,2024-01-18 18:30:03,18:22:00
1055,01,190,2024-01-18 18:30:03,18:29:00
1055,01,190,2024-01-18 18:30:03,18:37:00
1056,03,140,2024-01-18 18:28:15,18:23:00
1056,03,140,2024-01-18 18:28:15,18:35:00
1057,01,512,2024-01-18 17:52:55,17:51:00
1061,01,512,2024-01-18 18:02:59,18:06:00
1063,02,512,2024-01-18 18:26:10,18:29:00
1064,03,262,2024-01-18 17:57:57,18:03:00
1064,03,262,2024-01-18 17:59:57,18:03:00
1064,03,262,2024-01-18 18:35:18,18:33:00
1064,03,262,2024-01-18 18:38:11,18:33:00
1064,03,262,2024-01-18 18:40:14,18:33:00
1064,03,262,2024-01-18 18:40:14,18:48:00
1065,01,245,2024-01-18 18:32:09,18:31:00
1066,01,169,2024-01-18 18:19:12,18:16:00
1075,02,212,2024-01-18 18:10:08,18:09:00
1083,01,126,2024-01-18 18:04:52,18:02:00
1085,13,104,2024-01-18 18:10:04,18:03:00
1085,13,104,2024-01-18 18:10:04,18:18:00
1085,13,104,2024-01-18 18:31:11,18:33:00
1095,01,176,2024-01-18 18:38:15,18:37:00
1095,01,314,2024-01-18 18:38:12,18:36:00
1100,02,176,2024-01-18 17:58:59,17:54:00
1105,01,152,2024-01-18 17:55:55,17:57:00
1111,01,133,2024-01-18 18:20:05,18:24:00
1115,01,133,2024-01-18 18:34:10,18:39:00
1118,01,211,2024-01-18 18:34:12,18:31:00
1118,01,211,2024-01-18 18:34:12,18:41:00
1137,01,120,2024-01-18 18:15:03,18:14:00
1140,09,140,2024-01-18 18:02:05,18:00:00
1140,09,140,2024-01-18 18:02:05,18:10:00
1140,09,140,2024-01-18 18:31:11,18:30:00
1140,09,140,2024-01-18 18:32:11,18:30:00
1140,09,140,2024-01-18 18:32:11,18:40:00
1140,09,140,2024-01-18 18:35:18,18:30:00
1140,09,140,2024-01-18 18:35:18,18:40:00
1140,09,140,2024-01-18 18:38:15,18:30:00
1140,09,140,2024-01-18 18:38:15,18:40:00
1140,09,140,2024-01-18 18:06:01,18:00:00
1140,09,140,2024-01-18 18:06:01,18:10:00
1140,09,140,2024-01-18 18:07:06,18:00:00
1140,09,140,2024-01-18 18:07:06,18:10:00
1140,09,140,2024-01-18 18:11:01,18:10:00
1144,01,500,2024-01-18 18:05:02,18:04:00
1145,01,120,2024-01-18 18:04:55,18:02:00
1146,01,112,2024-01-18 18:07:07,18:06:00
1146,08,120,2024-01-18 17:54:59,17:56:00
1146,01,199,2024-01-18 18:11:03,18:09:00
1146,03,527,2024-01-18 18:00:00,17:55:00
1146,03,527,2024-01-18 18:00:00,18:05:00
1147,04,114,2024-01-18 18:17:07,18:15:00
1147,03,414,2024-01-18 18:05:05,18:03:00
1149,02,120,2024-01-18 18:31:07,18:30:00
1150,01,112,2024-01-18 17:48:53,17:41:00
1150,01,112,2024-01-18 17:48:53,17:51:00
1152,08,199,2024-01-18 18:15:07,18:11:00
1152,08,199,2024-01-18 18:24:12,18:31:00
1152,08,199,2024-01-18 18:27:06,18:31:00
1152,08,199,2024-01-18 17:43:49,17:51:00
1152,08,199,2024-01-18 17:44:55,17:51:00
1152,08,199,2024-01-18 17:45:55,17:51:00
1152,08,199,2024-01-18 17:47:55,17:51:00
1152,08,199,2024-01-18 17:48:49,17:51:00
1152,03,245,2024-01-18 17:47:57,17:44:00
1152,04,500,2024-01-18 17:56:44,17:55:00
1152,04,500,2024-01-18 17:56:44,18:05:00
1152,04,500,2024-01-18 17:57:45,17:55:00
1152,04,500,2024-01-18 17:57:45,18:05:00
1152,04,500,2024-01-18 17:58:45,17:55:00
1152,04,500,2024-01-18 17:58:45,18:05:00
1152,04,500,2024-01-18 17:59:46,17:55:00
1152,04,500,2024-01-18 17:59:46,18:05:00
1152,04,500,2024-01-18 18:00:46,17:55:00
1152,04,500,2024-01-18 18:00:46,18:05:00
1152,04,500,2024-01-18 18:01:47,17:55:00
1152,04,500,2024-01-18 18:01:47,18:05:00
1152,04,500,2024-01-18 18:02:47,17:55:00
1152,04,500,2024-01-18 18:02:47,18:05:00
1152,04,500,2024-01-18 18:03:49,18:05:00
1152,04,500,2024-01-18 18:06:02,18:05:00
1152,04,500,2024-01-18 18:07:09,18:05:00
1152,04,500,2024-01-18 18:07:09,18:15:00
1152,04,500,2024-01-18 18:08:03,18:05:00
1152,04,500,2024-01-18 18:08:03,18:15:00
1152,04,500,2024-01-18 18:11:04,18:05:00
1152,04,500,2024-01-18 18:11:04,18:15:00
1152,04,500,2024-01-18 18:17:10,18:15:00
1152,04,500,2024-01-18 18:17:10,18:25:00
1152,04,500,2024-01-18 18:18:05,18:15:00
1152,04,500,2024-01-18 18:18:05,18:25:00
1152,04,500,2024-01-18 18:19:10,18:15:00
1152,04,500,2024-01-18 18:19:10,18:25:00
1152,04,500,2024-01-18 18:20:08,18:15:00
1152,04,500,2024-01-18 18:20:08,18:25:00
1152,04,500,2024-01-18 18:21:13,18:15:00
1152,04,500,2024-01-18 18:21:13,18:25:00
1152,04,500,2024-01-18 18:22:10,18:15:00
1152,04,500,2024-01-18 18:22:10,18:25:00
1153,01,112,2024-01-18 18:21:13,18:17:00
1153,01,112,2024-01-18 18:21:13,18:27:00
1153,03,112,2024-01-18 18:11:05,18:09:00
1153,01,414,2024-01-18 18:03:00,18:02:00
1157,02,145,2024-01-18 17:43:43,17:41:00
1157,02,145,2024-01-18 17:43:43,17:51:00
1158,04,112,2024-01-18 18:03:00,18:00:00
1158,04,112,2024-01-18 18:03:00,18:10:00
1158,03,156,2024-01-18 18:26:13,18:23:00
1159,01,145,2024-01-18 18:07:09,18:05:00
1159,01,145,2024-01-18 18:07:09,18:15:00
1163,02,190,2024-01-18 17:52:55,17:46:00
1163,02,190,2024-01-18 17:52:55,18:01:00
1169,02,204,2024-01-18 17:45:43,17:43:00
1169,02,204,2024-01-18 17:45:43,17:53:00
1176,01,104,2024-01-18 18:30:11,18:23:00
1176,01,104,2024-01-18 18:30:11,18:38:00
1176,01,104,2024-01-18 18:31:11,18:23:00
1176,01,104,2024-01-18 18:31:11,18:38:00
1176,01,104,2024-01-18 18:32:06,18:38:00
1176,01,104,2024-01-18 18:33:16,18:38:00
1176,01,104,2024-01-18 18:34:12,18:38:00
1179,04,120,2024-01-18 18:21:04,18:19:00
1179,01,527,2024-01-18 18:05:56,18:00:00
1179,01,527,2024-01-18 18:05:56,18:10:00
1182,04,204,2024-01-18 18:35:14,18:40:00
1182,04,204,2024-01-18 18:36:10,18:40:00
1182,06,527,2024-01-18 18:28:11,18:21:00
1182,06,527,2024-01-18 18:28:11,18:26:00
1182,06,527,2024-01-18 18:28:11,18:31:00
1183,03,132,2024-01-18 17:52:55,17:51:00
1183,03,132,2024-01-18 17:52:55,18:01:00
1183,01,527,2024-01-18 17:59:03,17:54:00
1183,01,527,2024-01-18 17:59:03,18:04:00
1183,01,527,2024-01-18 18:33:13,18:29:00
1183,01,527,2024-01-18 18:33:13,18:39:00
1186,01,723,2024-01-18 18:13:05,18:09:00
1191,04,731,2024-01-18 18:04:08,18:06:00
1205,01,134,2024-01-18 18:34:06,18:29:00
1215,04,512,2024-01-18 18:31:06,18:26:00
1215,04,512,2024-01-18 18:35:11,18:41:00
1221,02,340,2024-01-18 18:02:57,17:57:00
1221,02,340,2024-01-18 18:02:57,18:06:00
1225,01,226,2024-01-18 18:26:14,18:22:00
1231,07,102,2024-01-18 17:48:53,17:47:00
1231,07,102,2024-01-18 17:49:59,17:47:00
1231,07,102,2024-01-18 17:50:55,17:47:00
1231,07,102,2024-01-18 17:42:53,17:47:00
1231,07,102,2024-01-18 17:43:49,17:47:00
1231,02,125,2024-01-18 17:59:57,18:02:00
1233,02,340,2024-01-18 18:07:05,18:01:00
1233,02,340,2024-01-18 18:07:05,18:10:00
1233,01,738,2024-01-18 17:43:45,17:40:00
1234,04,112,2024-01-18 18:03:01,18:02:00
1234,04,112,2024-01-18 18:04:06,18:02:00
1234,04,112,2024-01-18 18:05:04,18:02:00
1234,04,112,2024-01-18 18:07:09,18:02:00
1234,04,112,2024-01-18 18:08:01,18:02:00
1234,04,112,2024-01-18 18:11:03,18:17:00
1234,04,112,2024-01-18 17:42:50,17:37:00
1234,04,112,2024-01-18 17:42:50,17:47:00
1234,01,190,2024-01-18 18:33:05,18:26:00
1234,01,190,2024-01-18 18:33:05,18:36:00
1234,01,190,2024-01-18 18:34:05,18:26:00
1234,01,190,2024-01-18 18:34:05,18:36:00
1235,02,140,2024-01-18 17:57:57,17:54:00
1235,02,140,2024-01-18 17:57:57,18:04:00
1237,01,738,2024-01-18 18:35:16,18:37:00
1250,04,211,2024-01-18 17:45:51,17:41:00
1250,04,211,2024-01-18 17:45:51,17:51:00
1253,09,186,2024-01-18 18:15:07,18:07:00
1253,09,186,2024-01-18 18:15:07,18:20:00
1253,09,186,2024-01-18 18:20:08,18:28:00
1253,02,211,2024-01-18 18:13:05,18:08:00
1253,02,211,2024-01-18 18:13:05,18:18:00
1253,07,516,2024-01-18 18:29:10,18:31:00
1256,02,152,2024-01-18 17:43:45,17:41:00
1256,02,152,2024-01-18 18:11:01,18:10:00
1256,02,186,2024-01-18 18:03:01,18:01:00
1256,02,186,2024-01-18 18:03:01,18:11:00
1256,02,509,2024-01-18 18:40:17,18:37:00
1256,02,509,2024-01-18 18:40:17,18:46:00
1257,01,518,2024-01-18 18:29:08,18:27:00
1260,02,134,2024-01-18 18:09:02,18:05:00
1277,02,133,2024-01-18 17:59:02,17:57:00
1280,01,527,2024-01-18 18:14:04,18:08:00
1280,01,527,2024-01-18 18:14:04,18:13:00
1280,01,527,2024-01-18 18:14:04,18:18:00
1281,02,134,2024-01-18 18:11:01,18:06:00
1285,02,226,2024-01-18 18:02:57,18:05:00
1292,01,212,2024-01-18 18:07:05,18:03:00
1298,02,509,2024-01-18 17:57:02,17:55:00
1298,02,509,2024-01-18 17:57:02,18:03:00
1315,01,211,2024-01-18 18:10:05,18:07:00
1315,01,211,2024-01-18 18:10:05,18:12:00
1315,01,211,2024-01-18 18:10:05,18:17:00
1316,01,211,2024-01-18 18:18:02,18:12:00
1316,01,211,2024-01-18 18:18:02,18:17:00
1317,01,211,2024-01-18 18:20:06,18:12:00
1317,01,211,2024-01-18 18:20:06,18:17:00
1317,01,211,2024-01-18 18:20:06,18:27:00
1326,03,204,2024-01-18 18:40:05,18:32:00
1326,03,204,2024-01-18 18:40:05,18:42:00
1329,01,199,2024-01-18 17:59:59,17:58:00
1332,02,199,2024-01-18 18:36:13,18:33:00
1333,02,199,2024-01-18 18:38:15,18:33:00
1349,52,314,2024-01-18 18:31:13,18:28:00
1358,02,527,2024-01-18 18:20:01,18:16:00
1358,02,527,2024-01-18 18:20:01,18:26:00
1359,02,132,2024-01-18 18:24:09,18:16:00
1359,02,132,2024-01-18 18:24:09,18:31:00
1359,02,132,2024-01-18 18:33:15,18:31:00
1359,02,132,2024-01-18 18:34:11,18:31:00
1359,02,132,2024-01-18 18:35:17,18:31:00
1359,02,132,2024-01-18 18:36:13,18:31:00
1359,02,132,2024-01-18 18:38:06,18:31:00
1359,02,132,2024-01-18 18:40:16,18:47:00
1359,01,527,2024-01-18 18:31:14,18:26:00
1359,01,527,2024-01-18 18:31:14,18:36:00
1402,01,518,2024-01-18 18:05:59,18:04:00
1403,01,518,2024-01-18 18:18:02,18:24:00
1405,01,211,2024-01-18 18:33:12,18:31:00
1405,01,211,2024-01-18 18:33:12,18:36:00
1405,01,211,2024-01-18 18:33:12,18:41:00
1406,01,211,2024-01-18 18:35:15,18:31:00
1406,01,211,2024-01-18 18:35:15,18:41:00
1406,01,509,2024-01-18 18:22:09,18:21:00
1406,03,516,2024-01-18 18:34:10,18:33:00
1423,01,731,2024-01-18 18:02:01,18:01:00
1429,01,516,2024-01-18 18:10:05,18:08:00
1450,02,738,2024-01-18 18:34:10,18:33:00
1474,04,245,2024-01-18 18:15:07,18:09:00
1492,01,199,2024-01-18 18:14:52,18:16:00
1493,01,199,2024-01-18 17:57:02,17:56:00
1497,02,211,2024-01-18 18:14:11,18:06:00
1497,02,211,2024-01-18 18:14:11,18:11:00
1497,02,211,2024-01-18 18:14:11,18:21:00
1520,02,527,2024-01-18 17:47:48,17:43:00
1520,02,527,2024-01-18 17:47:48,17:53:00
1524,01,120,2024-01-18 18:35:17,18:34:00
1528,02,169,2024-01-18 18:26:14,18:25:00
1528,01,500,2024-01-18 18:14:01,18:13:00
1557,02,240,2024-01-18 17:54:55,17:47:00
1557,02,256,2024-01-18 18:19:10,18:17:00
1558,01,234,2024-01-18 17:47:57,17:52:00
1558,01,234,2024-01-18 17:50:55,17:52:00
1567,02,152,2024-01-18 18:01:06,18:00:00
1575,01,262,2024-01-18 18:02:03,18:08:00
1689,02,170,2024-01-18 17:48:55,17:55:00
1710,01,L27,2024-01-18 17:59:01,18:04:00
1861,02,736,2024-01-18 18:20:05,18:18:00
1944,01,211,2024-01-18 18:31:13,18:33:00
1947,03,900,2024-01-18 18:02:02,18:01:00
2002,01,102,2024-01-18 18:15:08,18:12:00
2005,02,135,2024-01-18 18:21:12,18:20:00
2008,22,143,2024-01-18 18:35:17,18:33:00
2008,22,143,2024-01-18 18:35:17,18:43:00
2008,22,173,2024-01-18 17:59:02,18:01:00
2008,14,704,2024-01-18 18:32:10,18:35:00
2011,01,141,2024-01-18 17:43:44,17:36:00
2011,01,141,2024-01-18 17:43:44,17:51:00
2011,02,141,2024-01-18 18:02:05,17:56:00
2015,03,402,2024-01-18 17:45:55,17:44:00
2015,03,402,2024-01-18 17:45:55,17:54:00
2018,02,502,2024-01-18 17:47:58,17:49:00
2020,01,502,2024-01-18 18:29:09,18:21:00
2020,01,502,2024-01-18 18:29:09,18:36:00
2024,01,525,2024-01-18 17:50:57,17:49:00
2024,01,525,2024-01-18 17:50:57,17:59:00
2024,02,525,2024-01-18 18:29:09,18:22:00
2024,02,525,2024-01-18 18:29:09,18:28:00
2025,01,525,2024-01-18 18:28:15,18:20:00
2025,01,525,2024-01-18 18:28:15,18:30:00
2032,02,125,2024-01-18 17:43:46,17:49:00
2032,02,125,2024-01-18 18:10:01,18:09:00
2032,02,125,2024-01-18 18:11:01,18:09:00
2032,02,125,2024-01-18 18:14:01,18:09:00
2032,02,125,2024-01-18 18:15:01,18:09:00
2032,02,125,2024-01-18 18:17:01,18:09:00
2032,02,125,2024-01-18 18:21:02,18:29:00
2032,02,125,2024-01-18 18:26:04,18:29:00
2032,02,125,2024-01-18 18:27:05,18:29:00
2032,03,319,2024-01-18 18:05:02,17:58:00
2032,03,319,2024-01-18 18:05:02,18:13:00
2032,03,319,2024-01-18 18:07:03,18:13:00
2032,03,319,2024-01-18 18:07:58,18:13:00
2032,03,319,2024-01-18 18:09:00,18:13:00
2032,03,319,2024-01-18 18:10:03,18:13:00
2032,03,319,2024-01-18 18:10:57,18:13:00
2032,03,319,2024-01-18 18:14:05,18:13:00
2032,03,319,2024-01-18 18:15:00,18:13:00
2032,03,319,2024-01-18 18:17:05,18:13:00
2032,03,319,2024-01-18 18:18:02,18:13:00
2032,03,319,2024-01-18 18:19:11,18:13:00
2032,01,525,2024-01-18 17:57:02,17:54:00
2032,01,525,2024-01-18 17:57:02,18:05:00
2032,01,525,2024-01-18 17:59:03,17:54:00
2032,01,525,2024-01-18 17:59:03,18:05:00
2032,01,525,2024-01-18 18:00:01,17:54:00
2032,01,525,2024-01-18 18:00:01,18:05:00
2032,01,525,2024-01-18 18:27:04,18:20:00
2032,01,525,2024-01-18 18:27:04,18:35:00
2032,01,525,2024-01-18 18:29:10,18:35:00
2032,01,525,2024-01-18 18:31:11,18:35:00
2032,01,525,2024-01-18 18:33:16,18:35:00
2032,01,525,2024-01-18 18:08:04,18:05:00
2032,01,525,2024-01-18 18:08:04,18:14:00
2032,01,525,2024-01-18 18:09:02,18:05:00
2032,01,525,2024-01-18 18:09:02,18:14:00
2032,01,525,2024-01-18 18:10:09,18:05:00
2032,01,525,2024-01-18 18:10:09,18:14:00
2032,01,525,2024-01-18 18:13:05,18:05:00
2032,01,525,2024-01-18 18:13:05,18:20:00
2032,01,525,2024-01-18 18:17:10,18:14:00
2032,01,525,2024-01-18 18:17:10,18:20:00
2034,01,119,2024-01-18 17:57:02,18:02:00
2034,01,119,2024-01-18 18:00:00,18:02:00
2037,05,219,2024-01-18 18:28:12,18:27:00
2038,03,219,2024-01-18 18:29:06,18:28:00
2039,10,219,2024-01-18 18:08:58,18:10:00
2041,01,521,2024-01-18 18:27:00,18:26:00
2042,01,521,2024-01-18 18:28:10,18:26:00
2042,01,521,2024-01-18 18:31:14,18:26:00
2042,01,521,2024-01-18 18:31:14,18:37:00
2043,03,161,2024-01-18 18:07:04,18:02:00
2044,01,521,2024-01-18 18:31:10,18:29:00
2045,01,521,2024-01-18 17:43:50,17:41:00
2045,01,521,2024-01-18 17:43:50,17:51:00
2046,02,319,2024-01-18 17:50:55,17:55:00
2057,01,702,2024-01-18 18:30:15,18:29:00
2059,02,183,2024-01-18 18:08:04,18:00:00
2059,02,183,2024-01-18 18:08:04,18:12:00
2060,01,520,2024-01-18 17:57:02,17:55:00
2060,01,520,2024-01-18 17:57:02,18:05:00
2061,02,115,2024-01-18 18:13:59,18:08:00
2061,02,115,2024-01-18 18:13:59,18:16:00
2061,02,173,2024-01-18 18:15:07,18:17:00
2063,02,402,2024-01-18 18:13:05,18:07:00
2063,02,402,2024-01-18 18:13:05,18:17:00
2064,01,115,2024-01-18 17:42:50,17:35:00
2064,04,402,2024-01-18 18:09:58,18:05:00
2064,04,402,2024-01-18 18:09:58,18:16:00
2064,04,402,2024-01-18 18:33:13,18:31:00
2064,04,402,2024-01-18 18:33:54,18:31:00
2064,04,402,2024-01-18 18:35:14,18:31:00
2064,04,402,2024-01-18 17:56:58,17:55:00
2064,04,402,2024-01-18 17:56:58,18:05:00
2064,04,402,2024-01-18 17:57:46,17:55:00
2064,04,402,2024-01-18 17:57:46,18:05:00
2064,04,402,2024-01-18 17:58:50,17:55:00
2064,04,402,2024-01-18 17:58:50,18:05:00
2064,04,402,2024-01-18 17:59:55,17:55:00
2064,04,402,2024-01-18 17:59:55,18:05:00
2064,04,402,2024-01-18 18:00:57,17:55:00
2064,04,402,2024-01-18 18:00:57,18:05:00
2064,04,402,2024-01-18 18:02:00,17:55:00
2064,04,402,2024-01-18 18:02:00,18:05:00
2064,04,402,2024-01-18 18:02:47,17:55:00
2064,04,402,2024-01-18 18:02:47,18:05:00
2064,03,520,2024-01-18 18:40:16,18:39:00
2064,03,520,2024-01-18 18:07:02,18:01:00
2064,03,520,2024-01-18 18:07:02,18:11:00
2064,03,520,2024-01-18 18:08:02,18:01:00
2064,03,520,2024-01-18 18:08:02,18:11:00
2065,02,173,2024-01-18 18:02:04,17:57:00
2065,02,173,2024-01-18 18:02:04,18:09:00
2069,01,183,2024-01-18 17:57:02,17:59:00
2070,02,115,2024-01-18 18:27:01,18:23:00
2074,02,145,2024-01-18 18:20:06,18:19:00
2086,01,143,2024-01-18 18:36:14,18:30:00
2086,01,143,2024-01-18 18:36:14,18:42:00
2086,01,143,2024-01-18 18:04:53,18:00:00
2086,01,143,2024-01-18 18:04:53,18:10:00
2086,01,143,2024-01-18 18:05:54,18:00:00
2086,01,143,2024-01-18 18:05:54,18:10:00
2086,01,143,2024-01-18 18:07:36,18:00:00
2086,01,143,2024-01-18 18:07:36,18:10:00
2088,01,115,2024-01-18 18:19:55,18:16:00
2090,02,153,2024-01-18 18:14:11,18:13:00
2097,04,123,2024-01-18 18:08:01,18:03:00
2097,03,147,2024-01-18 18:05:05,18:00:00
2097,03,509,2024-01-18 18:28:14,18:26:00
2097,03,509,2024-01-18 18:28:14,18:36:00
2100,02,188,2024-01-18 17:44:44,17:42:00
2100,04,514,2024-01-18 17:50:01,17:47:00
2100,03,525,2024-01-18 18:11:05,18:09:00
2100,03,525,2024-01-18 18:11:05,18:19:00
2102,04,158,2024-01-18 18:32:08,18:30:00
2103,01,168,2024-01-18 18:11:04,18:09:00
2105,02,158,2024-01-18 17:57:02,18:00:00
2105,02,158,2024-01-18 18:34:11,18:30:00
2105,02,168,2024-01-18 18:05:06,18:07:00
2105,01,182,2024-01-18 18:35:17,18:34:00
2105,01,182,2024-01-18 18:36:09,18:34:00
2105,01,182,2024-01-18 18:36:09,18:44:00
2105,01,182,2024-01-18 18:20:08,18:14:00
2105,01,182,2024-01-18 18:20:08,18:24:00
2105,01,182,2024-01-18 18:21:05,18:14:00
2105,01,182,2024-01-18 18:21:05,18:24:00
2105,01,182,2024-01-18 18:08:02,18:04:00
2105,01,182,2024-01-18 18:08:02,18:14:00
2105,01,182,2024-01-18 18:11:00,18:04:00
2105,01,182,2024-01-18 18:11:00,18:14:00
2105,01,182,2024-01-18 18:28:14,18:24:00
2105,01,182,2024-01-18 18:28:14,18:34:00
2105,01,182,2024-01-18 17:42:54,17:44:00
2105,01,182,2024-01-18 17:59:03,17:54:00
2105,01,182,2024-01-18 17:59:03,18:04:00
2105,01,182,2024-01-18 18:00:01,17:54:00
2105,01,182,2024-01-18 18:00:01,18:04:00
2105,01,182,2024-01-18 18:02:05,17:54:00
2105,01,182,2024-01-18 18:02:05,18:04:00
2107,01,123,2024-01-18 18:01:03,18:00:00
2108,03,135,2024-01-18 18:35:17,18:30:00
2108,01,523,2024-01-18 18:40:16,18:37:00
2108,01,523,2024-01-18 18:40:16,18:45:00
2110,02,202,2024-01-18 18:31:14,18:29:00
2112,02,523,2024-01-18 18:01:02,17:58:00
2112,02,523,2024-01-18 18:01:02,18:05:00
2118,02,173,2024-01-18 17:48:55,17:51:00
2120,04,123,2024-01-18 18:17:05,18:12:00
2120,04,123,2024-01-18 17:47:40,17:42:00
2128,01,509,2024-01-18 18:38:15,18:34:00
2128,01,509,2024-01-18 18:38:15,18:44:00
2130,02,143,2024-01-18 18:04:09,18:01:00
2130,02,143,2024-01-18 18:04:09,18:11:00
2131,01,111,2024-01-18 18:10:09,18:08:00
2131,01,507,2024-01-18 18:18:06,18:16:00
2131,01,507,2024-01-18 18:18:06,18:26:00
2142,01,111,2024-01-18 17:48:51,17:50:00
2143,01,117,2024-01-18 18:04:07,18:02:00
2144,02,111,2024-01-18 18:34:12,18:33:00
2145,01,147,2024-01-18 18:36:12,18:34:00
2146,02,411,2024-01-18 17:59:03,17:57:00
2146,02,411,2024-01-18 17:59:03,18:07:00
2146,02,509,2024-01-18 18:00:00,17:59:00
2148,01,111,2024-01-18 18:05:59,18:02:00
2148,01,111,2024-01-18 18:05:59,18:14:00
2148,01,111,2024-01-18 18:07:08,18:02:00
2148,01,111,2024-01-18 18:07:08,18:14:00
2148,01,111,2024-01-18 18:08:02,18:02:00
2148,01,111,2024-01-18 18:08:02,18:14:00
2148,01,111,2024-01-18 18:09:02,18:02:00
2148,01,111,2024-01-18 18:09:02,18:14:00
2148,01,111,2024-01-18 18:10:05,18:02:00
2148,01,111,2024-01-18 18:10:05,18:14:00
2148,01,111,2024-01-18 18:11:05,18:14:00
2148,01,111,2024-01-18 17:59:01,18:02:00
2148,01,111,2024-01-18 17:44:58,17:38:00
2148,01,111,2024-01-18 17:44:58,17:50:00
2148,01,111,2024-01-18 17:45:52,17:38:00
2148,01,111,2024-01-18 17:45:52,17:50:00
2148,01,111,2024-01-18 17:47:58,17:50:00
2148,01,111,2024-01-18 17:48:53,17:50:00
2148,01,111,2024-01-18 18:24:12,18:26:00
2148,07,117,2024-01-18 18:19:06,18:17:00
2148,07,123,2024-01-18 18:10:58,18:08:00
2148,04,219,2024-01-18 18:06:05,18:09:00
2148,05,311,2024-01-18 17:48:01,17:51:00
2148,10,411,2024-01-18 18:02:05,17:56:00
2148,02,507,2024-01-18 18:22:10,18:21:00
2148,02,507,2024-01-18 18:24:12,18:21:00
2148,02,507,2024-01-18 18:24:12,18:31:00
2148,02,507,2024-01-18 18:26:13,18:21:00
2148,02,507,2024-01-18 18:26:13,18:31:00
2148,02,507,2024-01-18 18:27:09,18:21:00
2148,02,507,2024-01-18 18:27:09,18:31:00
2148,02,507,2024-01-18 18:28:14,18:21:00
2148,02,507,2024-01-18 18:28:14,18:31:00
2148,02,507,2024-01-18 18:29:05,18:21:00
2148,02,507,2024-01-18 18:29:05,18:31:00
2148,02,507,2024-01-18 18:14:11,18:11:00
2148,02,507,2024-01-18 18:14:11,18:21:00
2148,03,509,2024-01-18 17:43:48,17:37:00
2148,03,509,2024-01-18 17:43:48,17:45:00
2152,02,146,2024-01-18 18:35:17,18:37:00
2153,01,147,2024-01-18 17:59:04,17:56:00
2173,02,161,2024-01-18 18:36:11,18:35:00
2179,01,213,2024-01-18 17:44:55,17:43:00
2184,01,161,2024-01-18 18:31:08,18:24:00
2184,01,161,2024-01-18 18:32:08,18:24:00
2184,01,161,2024-01-18 17:57:21,17:54:00
2184,01,161,2024-01-18 18:01:05,17:54:00
2184,01,161,2024-01-18 18:02:04,17:54:00
2184,01,161,2024-01-18 18:17:10,18:24:00
2184,01,161,2024-01-18 18:20:08,18:24:00
2184,01,161,2024-01-18 18:22:10,18:24:00
2188,03,213,2024-01-18 18:02:00,18:03:00
2188,03,219,2024-01-18 18:15:03,18:18:00
2207,01,147,2024-01-18 17:43:49,17:50:00
2214,02,146,2024-01-18 18:14:11,18:08:00
2222,01,115,2024-01-18 18:02:05,18:06:00
2237,03,L20,2024-01-18 18:34:10,18:33:00
2237,03,L51,2024-01-18 18:02:00,17:59:00
2242,52,L51,2024-01-18 18:31:10,18:28:00
2249,02,146,2024-01-18 17:44:59,17:42:00
2250,02,168,2024-01-18 17:48:55,17:51:00
2259,01,202,2024-01-18 18:08:04,18:01:00
2259,01,202,2024-01-18 18:08:04,18:16:00
2259,01,202,2024-01-18 18:10:06,18:16:00
2259,01,202,2024-01-18 18:11:03,18:16:00
2259,01,202,2024-01-18 18:14:10,18:16:00
2259,01,202,2024-01-18 17:43:48,17:46:00
2261,01,305,2024-01-18 17:52:56,18:00:00
2263,02,143,2024-01-18 18:34:12,18:29:00
2263,02,143,2024-01-18 18:34:12,18:39:00
2272,02,173,2024-01-18 17:52:52,17:51:00
2275,03,147,2024-01-18 18:07:06,18:01:00
2275,01,411,2024-01-18 18:20:08,18:15:00
2276,01,115,2024-01-18 18:35:10,18:32:00
2277,04,183,2024-01-18 17:50:48,17:49:00
2281,01,173,2024-01-18 17:42:53,17:38:00
2281,01,173,2024-01-18 17:42:53,17:50:00
2282,01,173,2024-01-18 17:58:58,18:00:00
2282,02,514,2024-01-18 18:20:08,18:17:00
2285,03,514,2024-01-18 17:57:39,18:04:00
2285,03,514,2024-01-18 17:58:59,18:04:00
2285,03,514,2024-01-18 18:26:14,18:34:00
2285,03,514,2024-01-18 18:27:09,18:34:00
2285,03,514,2024-01-18 18:28:14,18:34:00
2285,03,514,2024-01-18 18:29:09,18:34:00
2285,03,514,2024-01-18 18:30:15,18:34:00
2285,03,514,2024-01-18 18:31:13,18:34:00
2285,03,514,2024-01-18 18:32:10,18:34:00
2293,01,704,2024-01-18 18:30:12,18:28:00
2295,02,502,2024-01-18 18:30:16,18:29:00
2296,01,722,2024-01-18 17:59:53,17:55:00
2313,03,123,2024-01-18 18:13:00,18:11:00
2313,02,147,2024-01-18 17:48:54,17:50:00
2313,01,213,2024-01-18 17:55:54,17:54:00
2322,01,183,2024-01-18 18:10:08,18:04:00
2322,01,183,2024-01-18 18:10:08,18:16:00
2325,02,722,2024-01-18 17:57:02,17:49:00
2349,02,502,2024-01-18 18:00:01,17:57:00
2349,02,502,2024-01-18 18:00:01,18:08:00
2362,01,141,2024-01-18 18:03:01,17:57:00
2378,02,183,2024-01-18 18:05:05,18:00:00
2378,02,183,2024-01-18 18:05:05,18:12:00
2379,01,183,2024-01-18 17:42:49,17:35:00
2379,01,183,2024-01-18 17:42:49,17:47:00
2379,01,183,2024-01-18 17:43:48,17:47:00
2379,01,183,2024-01-18 17:44:59,17:47:00
2379,01,183,2024-01-18 17:45:52,17:47:00
2379,01,183,2024-01-18 18:24:12,18:23:00
2379,01,183,2024-01-18 18:30:15,18:23:00
2379,01,183,2024-01-18 18:30:15,18:35:00
2379,01,183,2024-01-18 18:31:13,18:23:00
2379,01,183,2024-01-18 18:31:13,18:35:00
2379,01,183,2024-01-18 18:32:10,18:35:00
2379,01,183,2024-01-18 17:55:01,17:47:00
2379,01,183,2024-01-18 17:55:01,17:59:00
2379,01,183,2024-01-18 17:55:56,17:59:00
2379,01,183,2024-01-18 17:57:02,17:59:00
2379,01,183,2024-01-18 18:08:04,18:11:00
2379,01,183,2024-01-18 18:14:11,18:11:00
2379,01,183,2024-01-18 18:18:06,18:11:00
2379,01,183,2024-01-18 18:18:06,18:23:00
2385,01,213,2024-01-18 18:33:18,18:36:00
2431,01,730,2024-01-18 17:48:55,17:53:00
2440,03,173,2024-01-18 17:52:45,17:50:00
2440,03,173,2024-01-18 17:54:54,17:50:00
2440,03,173,2024-01-18 17:54:54,18:02:00
2440,03,173,2024-01-18 17:55:42,17:50:00
2440,03,173,2024-01-18 17:55:42,18:02:00
2440,03,173,2024-01-18 17:57:01,17:50:00
2440,03,173,2024-01-18 17:57:01,18:02:00
2440,03,173,2024-01-18 17:57:48,17:50:00
2440,03,173,2024-01-18 17:57:48,18:02:00
2440,03,173,2024-01-18 18:00:59,18:02:00
2440,03,173,2024-01-18 18:04:05,18:02:00
2440,03,173,2024-01-18 18:04:52,18:02:00
2440,03,173,2024-01-18 18:21:57,18:15:00
2440,03,173,2024-01-18 18:21:57,18:30:00
2440,03,173,2024-01-18 18:24:03,18:30:00
2440,03,173,2024-01-18 18:25:55,18:30:00
2440,03,173,2024-01-18 18:31:11,18:30:00
2440,03,173,2024-01-18 18:31:59,18:30:00
2440,03,173,2024-01-18 18:33:02,18:30:00
2440,03,173,2024-01-18 18:34:06,18:30:00
2440,03,173,2024-01-18 18:35:09,18:30:00
2440,03,173,2024-01-18 18:36:12,18:30:00
2440,03,173,2024-01-18 18:38:02,18:30:00
2440,03,173,2024-01-18 18:38:02,18:45:00
2440,03,173,2024-01-18 18:40:09,18:45:00
2440,05,502,2024-01-18 17:43:49,17:51:00
2440,05,502,2024-01-18 17:44:59,17:51:00
2440,05,502,2024-01-18 17:47:58,17:51:00
2440,05,502,2024-01-18 17:48:55,17:51:00
2440,05,502,2024-01-18 18:29:09,18:32:00
2440,05,502,2024-01-18 18:08:04,18:02:00
2440,05,502,2024-01-18 18:08:04,18:11:00
2440,05,502,2024-01-18 18:10:09,18:02:00
2440,05,502,2024-01-18 18:10:09,18:17:00
2440,05,502,2024-01-18 18:11:05,18:17:00
2440,05,502,2024-01-18 18:13:05,18:11:00
2440,05,502,2024-01-18 18:13:05,18:17:00
2440,05,502,2024-01-18 18:14:12,18:11:00
2440,05,502,2024-01-18 18:14:12,18:17:00
2440,05,502,2024-01-18 18:17:09,18:11:00
2442,01,199,2024-01-18 17:43:47,17:41:00
2822,02,L22,2024-01-18 17:43:49,17:42:00
2845,02,L47,2024-01-18 18:10:06,18:07:00
2868,02,L51,2024-01-18 17:50:00,17:55:00
2868,02,L51,2024-01-18 17:52:55,17:55:00
2869,03,L51,2024-01-18 18:07:08,18:04:00
2869,03,L51,2024-01-18 18:07:08,18:05:00
2869,03,L51,2024-01-18 18:05:59,18:04:00
2870,01,L51,2024-01-18 18:11:03,18:08:00
3001,02,138,2024-01-18 18:03:00,18:01:00
3001,01,167,2024-01-18 18:14:10,18:10:00
3001,03,222,2024-01-18 18:32:09,18:31:00
3002,04,168,2024-01-18 18:18:03,18:22:00
3003,01,222,2024-01-18 17:42:52,17:36:00
3009,15,108,2024-01-18 18:13:01,18:17:00
3009,16,165,2024-01-18 17:50:01,17:42:00
3009,16,165,2024-01-18 17:50:01,17:57:00
3009,16,165,2024-01-18 17:50:01,17:42:00
3009,16,165,2024-01-18 17:50:01,17:57:00
3009,16,165,2024-01-18 17:50:01,17:42:00
3009,16,165,2024-01-18 17:50:01,17:57:00
3009,15,217,2024-01-18 17:45:44,17:38:00
3009,15,217,2024-01-18 17:45:44,17:48:00
3011,06,193,2024-01-18 18:04:05,18:02:00
3011,06,193,2024-01-18 18:04:05,18:12:00
3012,04,136,2024-01-18 17:52:56,17:50:00
3013,03,504,2024-01-18 18:19:09,18:15:00
3013,03,504,2024-01-18 18:19:09,18:25:00
3014,02,739,2024-01-18 17:47:58,17:41:00
3014,02,739,2024-01-18 17:47:58,17:53:00
3015,01,709,2024-01-18 18:27:09,18:25:00
3015,01,709,2024-01-18 18:27:09,18:35:00
3017,01,709,2024-01-18 18:30:14,18:28:00
3017,01,709,2024-01-18 18:30:14,18:38:00
3019,01,709,2024-01-18 18:21:54,18:18:00
3019,01,709,2024-01-18 18:21:54,18:28:00
3019,02,709,2024-01-18 18:31:59,18:26:00
3021,01,727,2024-01-18 18:17:10,18:16:00
3022,01,709,2024-01-18 18:36:13,18:33:00
3022,01,709,2024-01-18 18:36:13,18:43:00
3022,01,739,2024-01-18 18:33:16,18:28:00
3022,01,739,2024-01-18 18:33:16,18:38:00
3023,01,709,2024-01-18 17:48:39,17:45:00
3023,01,709,2024-01-18 17:48:39,17:51:00
3025,03,L39,2024-01-18 18:40:14,18:42:00
3026,51,166,2024-01-18 18:07:07,18:06:00
3028,51,172,2024-01-18 18:09:01,18:12:00
3029,01,166,2024-01-18 17:48:52,17:51:00
3033,55,164,2024-01-18 18:24:12,18:22:00
3039,04,108,2024-01-18 18:38:13,18:35:00
3039,04,217,2024-01-18 18:08:00,18:07:00
3040,01,317,2024-01-18 18:32:08,18:31:00
3044,07,116,2024-01-18 17:59:03,17:55:00
3044,07,116,2024-01-18 17:59:03,18:05:00
3044,07,116,2024-01-18 18:30:15,18:25:00
3044,07,116,2024-01-18 18:30:15,18:35:00
3044,07,116,2024-01-18 18:31:11,18:25:00
3044,07,116,2024-01-18 18:31:11,18:35:00
3044,07,116,2024-01-18 18:32:07,18:25:00
3044,07,116,2024-01-18 18:32:07,18:35:00
3044,07,116,2024-01-18 18:33:12,18:25:00
3044,07,116,2024-01-18 18:33:12,18:35:00
3044,03,163,2024-01-18 17:42:54,17:49:00
3044,04,180,2024-01-18 18:35:16,18:28:00
3044,04,180,2024-01-18 18:35:16,18:42:00
3044,03,264,2024-01-18 18:32:08,18:38:00
3044,03,264,2024-01-18 18:34:09,18:38:00
3044,03,264,2024-01-18 18:36:09,18:38:00
3045,01,251,2024-01-18 18:32:10,18:30:00
3046,02,139,2024-01-18 18:19:09,18:17:00
3057,02,159,2024-01-18 18:08:02,18:06:00
3058,54,131,2024-01-18 18:38:15,18:35:00
3058,54,131,2024-01-18 18:38:15,18:42:00
3058,01,180,2024-01-18 18:35:16,18:34:00
3059,02,162,2024-01-18 18:17:10,18:10:00
3059,02,162,2024-01-18 18:17:10,18:25:00
3059,01,185,2024-01-18 18:07:05,18:04:00
3059,02,187,2024-01-18 17:42:52,17:41:00
3061,02,131,2024-01-18 17:43:50,17:36:00
3061,02,131,2024-01-18 17:43:50,17:51:00
3061,02,131,2024-01-18 18:40:16,18:36:00
3061,02,131,2024-01-18 18:40:16,18:44:00
3061,02,162,2024-01-18 18:08:59,18:07:00
3062,01,185,2024-01-18 17:54:57,17:53:00
3065,05,131,2024-01-18 18:10:08,18:08:00
3065,05,131,2024-01-18 18:10:08,18:15:00
3065,05,131,2024-01-18 17:42:51,17:38:00
3065,05,131,2024-01-18 17:42:51,17:45:00
3065,05,131,2024-01-18 17:44:58,17:38:00
3065,05,131,2024-01-18 18:27:04,18:30:00
3065,05,131,2024-01-18 18:28:12,18:30:00
3079,04,107,2024-01-18 18:16:50,18:09:00
3079,04,107,2024-01-18 18:16:50,18:24:00
3079,04,107,2024-01-18 18:17:51,18:24:00
3079,04,107,2024-01-18 18:19:11,18:24:00
3079,04,107,2024-01-18 18:19:51,18:24:00
3079,04,107,2024-01-18 18:21:11,18:24:00
3079,04,107,2024-01-18 18:21:51,18:24:00
3079,04,107,2024-01-18 17:45:50,17:39:00
3079,04,107,2024-01-18 17:45:50,17:54:00
3079,04,107,2024-01-18 17:47:58,17:54:00
3079,04,159,2024-01-18 18:29:09,18:34:00
3085,52,141,2024-01-18 18:19:07,18:12:00
3085,52,141,2024-01-18 18:19:07,18:27:00
3088,02,119,2024-01-18 18:21:13,18:19:00
3092,01,189,2024-01-18 18:21:02,18:20:00
3092,01,189,2024-01-18 18:21:02,18:28:00
3092,01,189,2024-01-18 18:08:04,18:04:00
3092,01,189,2024-01-18 18:08:04,18:12:00
3095,02,503,2024-01-18 18:33:16,18:32:00
3097,02,189,2024-01-18 17:50:01,17:47:00
3097,02,189,2024-01-18 17:50:01,17:55:00
3097,02,317,2024-01-18 18:27:04,18:33:00
3098,02,189,2024-01-18 18:34:09,18:28:00
3098,02,189,2024-01-18 18:34:09,18:36:00
3099,02,148,2024-01-18 18:29:06,18:27:00
3104,01,165,2024-01-18 17:49:53,17:53:00
3104,01,165,2024-01-18 18:36:08,18:38:00
3104,01,331,2024-01-18 18:02:05,18:01:00
3120,08,179,2024-01-18 18:02:59,17:58:00
3120,08,179,2024-01-18 18:02:59,18:08:00
3120,06,193,2024-01-18 18:09:00,18:10:00
3120,05,715,2024-01-18 17:57:02,17:50:00
3121,04,401,2024-01-18 18:22:10,18:21:00
3122,03,179,2024-01-18 18:34:00,18:33:00
3131,02,136,2024-01-18 18:32:06,18:26:00
3131,02,136,2024-01-18 18:32:06,18:36:00
3134,03,263,2024-01-18 18:28:14,18:26:00
3134,03,263,2024-01-18 17:57:57,17:56:00
3134,03,263,2024-01-18 17:59:03,17:56:00
3134,03,263,2024-01-18 18:01:05,17:56:00
3134,03,263,2024-01-18 18:02:05,17:56:00
3134,03,263,2024-01-18 18:04:09,17:56:00
3134,03,263,2024-01-18 18:04:09,18:11:00
3134,03,263,2024-01-18 18:06:02,18:11:00
3134,03,263,2024-01-18 18:07:10,18:11:00
3134,03,263,2024-01-18 17:48:50,17:41:00
3134,03,263,2024-01-18 17:48:50,17:56:00
3134,01,504,2024-01-18 18:17:51,18:19:00
3142,22,503,2024-01-18 18:19:12,18:14:00
3142,22,503,2024-01-18 18:19:12,18:24:00
3142,22,503,2024-01-18 18:20:06,18:14:00
3142,22,503,2024-01-18 18:20:06,18:24:00
3152,01,263,2024-01-18 17:45:53,17:51:00
3152,01,263,2024-01-18 18:19:10,18:21:00
3156,02,164,2024-01-18 18:09:02,18:07:00
3160,05,L-4,2024-01-18 17:54:59,17:57:00
3161,02,709,2024-01-18 17:43:46,17:41:00
3161,02,709,2024-01-18 17:43:46,17:47:00
3162,03,709,2024-01-18 17:55:01,17:52:00
3162,03,709,2024-01-18 17:55:01,17:58:00
3162,04,709,2024-01-18 18:08:03,18:03:00
3162,04,709,2024-01-18 18:08:03,18:15:00
3162,04,709,2024-01-18 18:14:14,18:09:00
3162,04,709,2024-01-18 18:14:14,18:21:00
3180,02,710,2024-01-18 18:35:05,18:33:00
3184,01,710,2024-01-18 17:45:46,17:42:00
3184,01,710,2024-01-18 17:45:46,17:52:00
3191,01,709,2024-01-18 18:10:00,18:07:00
3191,01,709,2024-01-18 18:10:00,18:13:00
3193,02,710,2024-01-18 17:44:49,17:48:00
3195,04,504,2024-01-18 18:28:15,18:27:00
3195,04,504,2024-01-18 18:14:57,18:07:00
3195,04,504,2024-01-18 18:14:57,18:17:00
3196,02,163,2024-01-18 18:31:13,18:30:00
3228,08,168,2024-01-18 18:36:12,18:41:00
3231,01,174,2024-01-18 18:33:12,18:30:00
3231,01,174,2024-01-18 18:33:12,18:40:00
3239,01,168,2024-01-18 18:04:05,18:01:00
3240,05,308,2024-01-18 18:18:04,18:17:00
3243,06,136,2024-01-18 17:59:56,17:55:00
3243,06,136,2024-01-18 17:59:56,18:07:00
3243,01,165,2024-01-18 18:24:04,18:22:00
3244,02,136,2024-01-18 17:57:56,17:53:00
3244,02,136,2024-01-18 17:57:56,18:05:00
3247,02,136,2024-01-18 18:28:10,18:31:00
3248,03,193,2024-01-18 18:05:58,18:04:00
3248,03,193,2024-01-18 18:05:58,18:14:00
3248,02,401,2024-01-18 18:05:03,18:01:00
3248,02,401,2024-01-18 18:05:03,18:11:00
3248,02,402,2024-01-18 17:59:03,17:52:00
3248,02,402,2024-01-18 17:59:03,18:02:00
3254,01,189,2024-01-18 18:18:05,18:10:00
3254,01,189,2024-01-18 18:18:05,18:26:00
3258,01,218,2024-01-18 18:38:15,18:35:00
3259,01,136,2024-01-18 17:57:01,17:55:00
3259,01,136,2024-01-18 17:57:01,18:05:00
3266,01,138,2024-01-18 18:33:16,18:38:00
3267,71,193,2024-01-18 18:17:04,18:15:00
3267,71,193,2024-01-18 17:52:55,17:50:00
3267,71,193,2024-01-18 17:54:56,17:50:00
3267,71,193,2024-01-18 17:54:56,18:02:00
3267,71,193,2024-01-18 17:55:52,17:50:00
3267,71,193,2024-01-18 17:55:52,18:02:00
3267,71,193,2024-01-18 17:56:57,17:50:00
3267,71,193,2024-01-18 17:56:57,18:02:00
3267,71,193,2024-01-18 17:58:59,18:02:00
3268,01,165,2024-01-18 18:10:04,18:09:00
3270,01,165,2024-01-18 18:29:08,18:24:00
3279,02,401,2024-01-18 17:48:50,17:41:00
3279,02,401,2024-01-18 17:48:50,17:47:00
3279,02,401,2024-01-18 17:48:50,17:51:00
3279,02,401,2024-01-18 17:48:50,17:57:00
3292,01,179,2024-01-18 18:34:11,18:33:00
3292,04,185,2024-01-18 17:42:50,17:46:00
3299,03,148,2024-01-18 18:30:13,18:32:00
3343,01,148,2024-01-18 17:50:56,17:48:00
3346,02,739,2024-01-18 18:05:59,18:00:00
3346,02,739,2024-01-18 18:05:59,18:12:00
3349,02,739,2024-01-18 18:07:06,18:00:00
3349,02,739,2024-01-18 18:07:06,18:12:00
3354,02,217,2024-01-18 18:20:08,18:17:00
3354,02,217,2024-01-18 18:20:08,18:27:00
3354,02,522,2024-01-18 17:57:55,17:56:00
3369,01,742,2024-01-18 17:48:54,17:47:00
3370,01,L-1,2024-01-18 17:42:56,17:41:00
3400,02,179,2024-01-18 18:19:10,18:18:00
3400,02,179,2024-01-18 18:20:08,18:18:00
3400,02,179,2024-01-18 18:20:08,18:28:00
3400,02,179,2024-01-18 18:21:07,18:18:00
3400,02,179,2024-01-18 18:21:07,18:28:00
3400,02,179,2024-01-18 18:22:02,18:18:00
3400,02,179,2024-01-18 18:22:02,18:28:00
3400,02,179,2024-01-18 18:24:07,18:18:00
3400,02,179,2024-01-18 18:24:07,18:28:00
3400,02,179,2024-01-18 18:26:13,18:18:00
3400,02,179,2024-01-18 18:26:13,18:28:00
3400,02,179,2024-01-18 17:49:55,17:48:00
3400,02,179,2024-01-18 17:49:55,17:58:00
3400,02,179,2024-01-18 17:50:56,17:48:00
3400,02,179,2024-01-18 17:50:56,17:58:00
3400,02,179,2024-01-18 17:52:56,17:48:00
3400,02,179,2024-01-18 17:52:56,17:58:00
3400,02,179,2024-01-18 17:55:01,17:48:00
3400,02,179,2024-01-18 17:55:01,17:58:00
3400,02,179,2024-01-18 17:55:56,17:48:00
3400,02,179,2024-01-18 17:55:56,17:58:00
3400,02,179,2024-01-18 17:56:59,17:58:00
3400,01,504,2024-01-18 18:01:04,18:05:00
3400,01,504,2024-01-18 18:02:01,18:05:00
3400,01,504,2024-01-18 18:36:06,18:35:00
3400,01,504,2024-01-18 18:38:13,18:35:00
3400,01,504,2024-01-18 18:40:06,18:35:00
3431,01,710,2024-01-18 18:10:03,18:02:00
3431,01,710,2024-01-18 18:10:03,18:12:00
3438,02,L39,2024-01-18 18:08:05,18:00:00
3449,02,L52,2024-01-18 18:08:01,18:03:00
3464,02,707,2024-01-18 18:30:08,18:27:00
3470,01,166,2024-01-18 18:14:10,18:16:00
3750,05,L13,2024-01-18 18:10:08,18:12:00
3757,01,L19,2024-01-18 17:59:00,17:57:00
3838,02,L-5,2024-01-18 18:11:02,18:09:00
3951,02,L39,2024-01-18 18:06:02,18:05:00
3951,02,L39,2024-01-18 18:08:00,18:05:00
4001,15,128,2024-01-18 18:04:04,18:02:00
4001,15,128,2024-01-18 18:04:04,18:12:00
4001,03,158,2024-01-18 18:18:00,18:14:00
4001,15,175,2024-01-18 17:44:58,17:46:00
4005,10,208,2024-01-18 17:59:58,17:53:00
4005,10,208,2024-01-18 17:59:58,18:08:00
4005,10,208,2024-01-18 18:05:59,18:00:00
4005,10,208,2024-01-18 18:05:59,18:08:00
4005,10,208,2024-01-18 18:10:08,18:08:00
4005,10,208,2024-01-18 18:10:08,18:15:00
4005,12,208,2024-01-18 17:48:55,17:53:00
4005,12,208,2024-01-18 18:20:08,18:23:00
4006,02,414,2024-01-18 18:01:03,17:56:00
4011,05,189,2024-01-18 18:21:13,18:13:00
4011,05,189,2024-01-18 18:21:13,18:29:00
4011,05,189,2024-01-18 18:40:17,18:37:00
4011,05,189,2024-01-18 18:40:17,18:45:00
4011,06,401,2024-01-18 17:57:02,17:54:00
4011,06,401,2024-01-18 17:57:02,18:04:00
4015,09,154,2024-01-18 18:00:01,18:03:00
4018,01,733,2024-01-18 17:47:58,17:46:00
4027,02,172,2024-01-18 17:43:50,17:46:00
4027,02,172,2024-01-18 18:13:02,18:16:00
4027,02,172,2024-01-18 18:17:10,18:16:00
4029,55,143,2024-01-18 18:26:11,18:24:00
4029,55,143,2024-01-18 18:26:11,18:34:00
4029,55,143,2024-01-18 18:28:12,18:24:00
4029,55,143,2024-01-18 18:28:12,18:34:00
4029,55,143,2024-01-18 18:29:08,18:24:00
4029,55,143,2024-01-18 18:29:08,18:34:00
4029,55,143,2024-01-18 18:30:15,18:24:00
4029,55,143,2024-01-18 18:30:15,18:34:00
4029,55,143,2024-01-18 18:31:12,18:24:00
4029,55,143,2024-01-18 18:31:12,18:34:00
4029,55,143,2024-01-18 18:32:06,18:24:00
4029,55,143,2024-01-18 18:32:06,18:34:00
4029,01,175,2024-01-18 18:21:14,18:19:00
4029,01,175,2024-01-18 18:21:14,18:29:00
4029,01,175,2024-01-18 18:10:09,18:09:00
4032,02,128,2024-01-18 17:47:56,17:49:00
4034,01,175,2024-01-18 17:57:00,17:56:00
4035,04,154,2024-01-18 17:42:49,17:46:00
4037,01,188,2024-01-18 18:34:11,18:36:00
4037,03,189,2024-01-18 18:17:09,18:09:00
4037,03,189,2024-01-18 18:17:09,18:25:00
4037,04,189,2024-01-18 18:11:03,18:04:00
4038,01,175,2024-01-18 17:47:55,17:43:00
4038,01,175,2024-01-18 17:47:55,17:53:00
4040,71,148,2024-01-18 18:30:15,18:32:00
4044,01,172,2024-01-18 17:49:54,17:51:00
4044,03,182,2024-01-18 18:06:59,18:00:00
4044,03,182,2024-01-18 18:06:59,18:10:00
4044,03,182,2024-01-18 18:08:00,18:00:00
4044,03,182,2024-01-18 18:08:00,18:10:00
4044,03,182,2024-01-18 18:09:00,18:10:00
4044,03,182,2024-01-18 18:27:09,18:20:00
4044,03,182,2024-01-18 18:27:09,18:30:00
4044,03,182,2024-01-18 18:28:14,18:20:00
4044,03,182,2024-01-18 18:28:14,18:30:00
4044,02,187,2024-01-18 18:04:09,18:06:00
4046,02,127,2024-01-18 17:45:51,17:52:00
4048,04,178,2024-01-18 18:04:05,18:01:00
4048,04,178,2024-01-18 18:04:05,18:11:00
4048,04,178,2024-01-18 18:27:09,18:21:00
4048,01,228,2024-01-18 17:59:03,17:57:00
4048,71,ZA1,2024-01-18 18:09:02,18:03:00
4051,01,208,2024-01-18 18:01:03,17:59:00
4051,01,208,2024-01-18 18:01:03,18:06:00
4084,01,189,2024-01-18 18:10:07,18:08:00
4084,01,189,2024-01-18 18:10:07,18:16:00
4088,01,189,2024-01-18 18:28:14,18:26:00
4088,01,189,2024-01-18 18:28:14,18:34:00
4088,02,189,2024-01-18 18:14:11,18:10:00
4088,02,189,2024-01-18 18:14:11,18:18:00
4089,01,401,2024-01-18 18:38:15,18:34:00
4090,01,187,2024-01-18 17:59:02,18:03:00
4090,01,189,2024-01-18 18:32:07,18:30:00
4090,01,189,2024-01-18 18:32:07,18:38:00
4090,02,401,2024-01-18 17:55:56,17:50:00
4090,02,401,2024-01-18 17:55:56,17:54:00
4090,02,401,2024-01-18 17:55:56,18:00:00
4090,02,401,2024-01-18 17:55:56,18:04:00
4091,01,187,2024-01-18 17:57:52,18:02:00
4092,03,187,2024-01-18 18:17:05,18:16:00
4092,04,187,2024-01-18 18:19:09,18:21:00
4092,02,191,2024-01-18 18:13:03,18:11:00
4094,02,178,2024-01-18 17:49:58,17:43:00
4094,02,178,2024-01-18 17:49:58,17:53:00
4094,02,178,2024-01-18 18:15:08,18:13:00
4094,02,178,2024-01-18 18:15:08,18:23:00
4094,02,207,2024-01-18 18:31:10,18:26:00
4101,02,178,2024-01-18 18:28:14,18:23:00
4107,01,186,2024-01-18 17:55:01,17:54:00
4108,01,186,2024-01-18 18:07:09,18:04:00
4110,01,191,2024-01-18 18:19:08,18:17:00
4119,02,157,2024-01-18 17:49:58,17:51:00
4123,02,191,2024-01-18 18:14:09,18:09:00
4123,02,191,2024-01-18 18:14:09,18:19:00
4123,02,401,2024-01-18 17:48:49,17:43:00
4123,02,401,2024-01-18 17:48:49,17:53:00
4125,02,191,2024-01-18 18:31:09,18:27:00
4125,02,191,2024-01-18 18:31:09,18:37:00
4125,02,191,2024-01-18 18:08:03,18:07:00
4129,03,220,2024-01-18 18:19:11,18:18:00
4130,01,191,2024-01-18 18:07:58,18:13:00
4130,01,191,2024-01-18 18:08:58,18:13:00
4130,01,191,2024-01-18 18:10:08,18:13:00
4130,01,191,2024-01-18 18:10:58,18:13:00
4130,02,207,2024-01-18 17:49:59,17:47:00
4130,02,207,2024-01-18 17:50:55,17:47:00
4130,02,207,2024-01-18 17:52:56,17:47:00
4130,02,207,2024-01-18 17:55:55,18:02:00
4130,02,207,2024-01-18 17:57:57,18:02:00
4130,02,207,2024-01-18 17:59:04,18:02:00
4130,02,207,2024-01-18 17:59:59,18:02:00
4130,02,207,2024-01-18 18:03:01,18:02:00
4130,02,207,2024-01-18 18:04:08,18:02:00
4130,02,207,2024-01-18 18:05:02,18:02:00
4130,02,207,2024-01-18 18:13:01,18:17:00
4130,02,207,2024-01-18 18:21:14,18:17:00
4143,02,154,2024-01-18 18:34:11,18:29:00
4144,01,317,2024-01-18 18:07:58,18:04:00
4147,02,148,2024-01-18 18:14:49,18:09:00
4155,02,706,2024-01-18 17:47:55,17:46:00
4157,02,706,2024-01-18 17:49:57,17:46:00
4158,01,728,2024-01-18 18:22:08,18:19:00
4171,02,715,2024-01-18 17:57:57,17:54:00
4171,02,715,2024-01-18 17:57:57,17:56:00
4176,01,715,2024-01-18 18:34:10,18:28:00
4176,01,715,2024-01-18 18:34:10,18:30:00
4183,02,220,2024-01-18 18:10:07,18:09:00
4199,01,191,2024-01-18 18:04:05,18:00:00
4211,01,401,2024-01-18 18:24:12,18:21:00
4211,01,401,2024-01-18 18:24:12,18:31:00
4213,51,127,2024-01-18 18:07:07,18:03:00
4213,01,189,2024-01-18 17:59:02,17:53:00
4213,01,189,2024-01-18 17:59:02,18:01:00
4213,01,189,2024-01-18 18:09:00,18:01:00
4213,01,189,2024-01-18 18:09:00,18:17:00
4213,02,189,2024-01-18 18:32:10,18:29:00
4213,02,189,2024-01-18 18:32:10,18:37:00
4214,01,178,2024-01-18 17:48:54,17:46:00
4214,01,178,2024-01-18 17:48:54,17:56:00
4214,01,189,2024-01-18 18:28:13,18:26:00
4214,01,189,2024-01-18 18:28:13,18:34:00
4216,06,194,2024-01-18 18:32:09,18:28:00
4217,21,129,2024-01-18 18:34:12,18:36:00
4218,02,517,2024-01-18 17:43:50,17:39:00
4219,02,401,2024-01-18 18:02:58,18:00:00
4219,02,401,2024-01-18 18:02:58,18:10:00
4221,04,401,2024-01-18 18:28:14,18:27:00
4221,03,517,2024-01-18 17:45:55,17:43:00
4221,03,517,2024-01-18 17:47:58,17:43:00
4221,03,517,2024-01-18 17:48:55,17:43:00
4221,03,517,2024-01-18 17:50:01,17:43:00
4221,03,517,2024-01-18 17:55:01,17:59:00
4221,03,517,2024-01-18 17:55:56,17:59:00
4221,03,517,2024-01-18 17:57:02,17:59:00
4221,03,517,2024-01-18 17:57:57,17:59:00
4222,02,127,2024-01-18 17:55:54,17:50:00
4224,01,127,2024-01-18 17:43:50,17:37:00
4224,01,127,2024-01-18 17:45:54,17:53:00
4224,01,127,2024-01-18 17:47:57,17:53:00
4224,01,127,2024-01-18 18:02:58,18:08:00
4224,01,127,2024-01-18 18:13:02,18:08:00
4224,01,127,2024-01-18 18:14:11,18:08:00
4224,01,127,2024-01-18 18:15:07,18:08:00
4224,01,127,2024-01-18 18:15:07,18:23:00
4224,01,127,2024-01-18 18:18:02,18:23:00
4224,01,127,2024-01-18 18:35:10,18:38:00
4224,05,220,2024-01-18 18:18:06,18:17:00
4224,06,220,2024-01-18 17:52:54,17:51:00
4228,01,187,2024-01-18 17:42:52,17:47:00
4228,01,194,2024-01-18 18:28:14,18:24:00
4232,02,717,2024-01-18 18:27:08,18:25:00
4251,02,707,2024-01-18 18:02:03,17:58:00
4258,04,178,2024-01-18 18:11:04,18:05:00
4258,04,178,2024-01-18 18:11:04,18:15:00
4258,04,178,2024-01-18 17:52:53,17:45:00
4258,04,178,2024-01-18 17:52:53,17:55:00
4275,01,L-3,2024-01-18 17:57:00,17:50:00
4303,02,154,2024-01-18 17:44:58,17:48:00
4304,02,154,2024-01-18 17:43:49,17:48:00
4308,01,207,2024-01-18 18:35:17,18:39:00
4309,01,207,2024-01-18 18:15:07,18:09:00
4310,02,208,2024-01-18 17:50:55,17:49:00
4310,02,208,2024-01-18 17:50:55,17:57:00
4311,02,208,2024-01-18 18:34:06,18:27:00
4312,01,208,2024-01-18 18:02:05,18:05:00
4327,71,220,2024-01-18 18:08:02,18:05:00
4327,71,220,2024-01-18 18:09:02,18:05:00
4327,71,220,2024-01-18 18:10:07,18:05:00
4327,71,220,2024-01-18 18:11:02,18:05:00
4327,71,220,2024-01-18 18:15:07,18:20:00
4327,71,220,2024-01-18 18:18:02,18:20:00
4340,01,194,2024-01-18 17:45:56,17:41:00
4340,01,194,2024-01-18 17:45:56,17:53:00
4342,54,177,2024-01-18 18:07:08,18:10:00
4349,01,711,2024-01-18 18:02:05,18:08:00
4349,01,711,2024-01-18 18:03:01,18:08:00
4349,01,711,2024-01-18 18:05:04,18:08:00
5003,10,190,2024-01-18 18:13:03,18:10:00
5003,10,190,2024-01-18 18:13:03,18:18:00
5011,07,Z26,2024-01-18 17:43:49,17:47:00
5012,06,189,2024-01-18 18:30:14,18:22:00
5012,06,189,2024-01-18 18:30:14,18:38:00
5016,01,716,2024-01-18 18:20:07,18:16:00
5017,01,714,2024-01-18 18:07:07,18:04:00
5021,02,194,2024-01-18 18:29:02,18:28:00
5023,02,129,2024-01-18 18:19:10,18:12:00
5026,02,171,2024-01-18 18:35:05,18:37:00
5026,01,190,2024-01-18 18:08:03,18:00:00
5026,01,190,2024-01-18 18:08:03,18:07:00
5026,01,190,2024-01-18 18:08:03,18:15:00
5028,01,136,2024-01-18 18:40:07,18:43:00
5028,02,523,2024-01-18 18:12:52,18:11:00
5028,02,523,2024-01-18 18:12:52,18:18:00
5028,03,523,2024-01-18 18:20:08,18:18:00
5028,03,523,2024-01-18 18:20:08,18:25:00
5032,02,523,2024-01-18 17:55:01,17:48:00
5032,02,523,2024-01-18 17:55:01,18:03:00
5032,02,523,2024-01-18 17:47:57,17:40:00
5032,02,523,2024-01-18 17:47:57,17:55:00
5034,71,149,2024-01-18 17:55:00,18:01:00
5034,71,149,2024-01-18 17:55:55,18:01:00
5034,71,729,2024-01-18 18:28:14,18:33:00
5036,02,106,2024-01-18 18:10:53,18:05:00
5036,02,106,2024-01-18 18:10:53,18:14:00
5040,09,105,2024-01-18 18:01:05,17:53:00
5040,09,105,2024-01-18 18:01:05,17:59:00
5040,09,105,2024-01-18 18:01:05,18:05:00
5042,01,105,2024-01-18 18:38:12,18:33:00
5042,01,105,2024-01-18 18:38:12,18:42:00
5043,02,105,2024-01-18 18:08:58,18:02:00
5043,02,105,2024-01-18 18:08:58,18:07:00
5043,02,105,2024-01-18 18:08:58,18:13:00
5043,05,186,2024-01-18 17:49:55,17:46:00
5043,05,186,2024-01-18 17:49:55,17:56:00
5045,01,105,2024-01-18 18:11:01,18:08:00
5045,01,105,2024-01-18 18:11:01,18:17:00
5046,02,105,2024-01-18 18:02:58,17:55:00
5046,02,105,2024-01-18 18:02:58,18:01:00
5046,02,105,2024-01-18 18:02:58,18:07:00
5047,02,105,2024-01-18 17:48:55,17:43:00
5047,02,105,2024-01-18 17:48:55,17:55:00
5048,02,105,2024-01-18 18:05:58,18:01:00
5048,02,105,2024-01-18 18:05:58,18:07:00
5048,02,105,2024-01-18 18:05:58,18:13:00
5048,02,105,2024-01-18 18:40:15,18:37:00
5048,02,105,2024-01-18 18:40:15,18:44:00
5049,02,105,2024-01-18 18:07:08,18:01:00
5049,02,105,2024-01-18 18:07:08,18:06:00
5049,02,105,2024-01-18 18:07:08,18:12:00
5049,01,189,2024-01-18 17:44:56,17:38:00
5049,01,189,2024-01-18 17:44:56,17:46:00
5050,02,149,2024-01-18 17:50:56,17:52:00
5050,53,177,2024-01-18 17:43:50,17:36:00
5050,53,177,2024-01-18 17:43:50,17:46:00
5050,04,712,2024-01-18 18:11:00,18:09:00
5050,04,719,2024-01-18 18:07:06,18:06:00
5059,02,122,2024-01-18 18:35:15,18:27:00
5059,02,122,2024-01-18 18:35:15,18:37:00
5059,02,177,2024-01-18 17:57:00,17:53:00
5059,02,177,2024-01-18 17:57:00,18:03:00
5060,01,112,2024-01-18 17:43:47,17:37:00
5060,02,122,2024-01-18 17:47:43,17:49:00
5060,01,177,2024-01-18 18:34:12,18:29:00
5060,01,177,2024-01-18 18:34:12,18:39:00
5061,02,122,2024-01-18 17:43:50,17:42:00
5061,02,122,2024-01-18 17:43:50,17:52:00
5061,02,523,2024-01-18 18:00:01,17:53:00
5061,02,523,2024-01-18 18:00:01,18:08:00
5062,02,112,2024-01-18 18:38:12,18:36:00
5062,02,112,2024-01-18 17:42:53,17:36:00
5062,02,112,2024-01-18 17:42:53,17:46:00
5062,02,184,2024-01-18 18:13:02,18:08:00
5062,02,184,2024-01-18 18:13:02,18:20:00
5065,02,122,2024-01-18 18:10:05,18:07:00
5065,02,122,2024-01-18 18:10:05,18:17:00
5071,04,129,2024-01-18 18:20:08,18:13:00
5072,03,197,2024-01-18 17:52:58,17:47:00
5072,03,197,2024-01-18 17:52:58,17:57:00
5079,01,149,2024-01-18 18:11:01,18:10:00
5083,01,149,2024-01-18 18:20:07,18:25:00
5091,01,713,2024-01-18 17:45:55,17:43:00
5092,01,716,2024-01-18 18:21:10,18:18:00
5096,02,136,2024-01-18 18:27:06,18:25:00
5096,01,186,2024-01-18 17:59:01,17:57:00
5096,01,186,2024-01-18 17:59:01,18:07:00
5097,02,167,2024-01-18 18:17:08,18:13:00
5097,02,167,2024-01-18 18:17:08,18:25:00
5098,01,197,2024-01-18 18:02:58,17:56:00
5098,01,197,2024-01-18 18:02:58,18:06:00
5100,03,167,2024-01-18 17:59:01,17:57:00
5101,01,197,2024-01-18 17:42:40,17:38:00
5101,01,197,2024-01-18 17:42:40,17:48:00
5102,02,122,2024-01-18 18:22:05,18:21:00
5104,02,129,2024-01-18 18:01:06,17:59:00
5104,06,190,2024-01-18 17:55:01,17:48:00
5105,01,129,2024-01-18 18:09:01,18:03:00
5108,02,189,2024-01-18 17:57:02,17:49:00
5108,02,189,2024-01-18 17:57:02,17:56:00
5108,02,189,2024-01-18 17:57:02,18:03:00
5109,02,189,2024-01-18 17:57:56,17:56:00
5109,02,189,2024-01-18 17:57:56,18:03:00
5109,02,743,2024-01-18 18:00:58,17:59:00
5110,01,523,2024-01-18 18:02:05,17:55:00
5110,01,523,2024-01-18 18:02:05,18:10:00
5124,03,136,2024-01-18 17:42:53,17:41:00
5124,03,136,2024-01-18 17:42:53,17:51:00
5124,03,136,2024-01-18 17:43:43,17:41:00
5124,03,136,2024-01-18 17:43:43,17:51:00
5124,03,136,2024-01-18 17:44:53,17:41:00
5124,03,136,2024-01-18 17:44:53,17:51:00
5124,03,136,2024-01-18 17:45:53,17:41:00
5124,03,136,2024-01-18 17:45:53,17:51:00
5124,03,136,2024-01-18 17:47:53,17:41:00
5124,03,136,2024-01-18 17:47:53,17:51:00
5124,03,136,2024-01-18 17:48:53,17:41:00
5124,03,136,2024-01-18 17:48:53,17:51:00
5124,03,136,2024-01-18 17:49:53,17:51:00
5138,01,713,2024-01-18 18:38:06,18:37:00
5138,01,713,2024-01-18 18:40:16,18:37:00
5138,01,713,2024-01-18 17:59:02,18:06:00
5138,01,713,2024-01-18 17:59:52,18:06:00
5138,01,713,2024-01-18 18:01:02,18:06:00
5138,01,713,2024-01-18 18:02:02,18:06:00
5138,01,713,2024-01-18 18:02:53,18:06:00
5138,01,713,2024-01-18 18:04:03,18:06:00
5138,01,713,2024-01-18 18:04:52,18:06:00
5150,03,201,2024-01-18 18:24:12,18:23:00
5151,01,197,2024-01-18 18:14:10,18:09:00
5151,01,197,2024-01-18 18:14:10,18:19:00
5152,01,197,2024-01-18 18:13:05,18:09:00
5152,01,197,2024-01-18 18:13:05,18:19:00
5152,02,197,2024-01-18 17:49:57,17:43:00
5152,02,197,2024-01-18 17:49:57,17:53:00
5155,04,111,2024-01-18 18:33:13,18:29:00
5155,04,111,2024-01-18 18:33:13,18:41:00
5155,04,180,2024-01-18 17:50:53,17:48:00
5155,04,180,2024-01-18 18:27:08,18:24:00
5157,02,111,2024-01-18 18:10:06,18:06:00
5157,02,111,2024-01-18 18:10:06,18:18:00
5157,02,180,2024-01-18 18:08:01,18:01:00
5157,02,180,2024-01-18 18:08:01,18:13:00
5157,02,180,2024-01-18 18:38:11,18:37:00
5157,02,180,2024-01-18 18:28:14,18:25:00
5159,02,180,2024-01-18 18:34:07,18:37:00
5161,10,112,2024-01-18 18:21:12,18:18:00
5161,12,220,2024-01-18 18:14:08,18:16:00
5162,01,167,2024-01-18 18:15:04,18:23:00
5162,01,167,2024-01-18 18:17:10,18:23:00
5162,01,167,2024-01-18 18:21:10,18:23:00
5163,01,167,2024-01-18 18:29:06,18:23:00
5192,04,220,2024-01-18 18:11:04,18:10:00
5214,01,122,2024-01-18 18:19:06,18:12:00
5214,01,122,2024-01-18 18:19:06,18:22:00
5801,01,743,2024-01-18 18:17:06,18:13:00
6001,02,116,2024-01-18 18:13:01,18:11:00
6001,02,116,2024-01-18 18:13:01,18:21:00
6003,05,114,2024-01-18 17:47:58,17:44:00
6003,09,114,2024-01-18 18:31:10,18:25:00
6003,01,116,2024-01-18 18:02:56,18:04:00
6003,08,157,2024-01-18 18:27:07,18:25:00
6003,18,181,2024-01-18 18:21:12,18:27:00
6003,18,181,2024-01-18 18:28:14,18:27:00
6003,18,181,2024-01-18 18:32:07,18:27:00
6003,18,181,2024-01-18 18:33:16,18:27:00
6005,12,110,2024-01-18 18:40:16,18:44:00
6008,01,197,2024-01-18 18:28:15,18:24:00
6008,01,197,2024-01-18 18:28:15,18:34:00
6013,05,103,2024-01-18 17:59:00,18:00:00
6020,02,112,2024-01-18 18:07:07,18:05:00
6020,02,112,2024-01-18 18:07:07,18:15:00
6021,02,110,2024-01-18 18:32:07,18:31:00
6021,02,112,2024-01-18 18:08:03,18:07:00
6026,05,116,2024-01-18 18:33:15,18:30:00
6026,05,116,2024-01-18 18:33:15,18:40:00
6026,05,121,2024-01-18 18:08:00,18:05:00
6026,05,203,2024-01-18 17:55:55,17:52:00
6029,01,210,2024-01-18 17:57:02,17:52:00
6040,06,122,2024-01-18 18:06:00,18:03:00
6040,06,122,2024-01-18 18:06:00,18:13:00
6042,05,186,2024-01-18 17:43:50,17:40:00
6042,05,186,2024-01-18 17:43:50,17:50:00
6042,06,186,2024-01-18 18:38:11,18:34:00
6045,07,103,2024-01-18 17:59:57,17:56:00
6045,07,103,2024-01-18 17:59:57,18:08:00
6046,05,112,2024-01-18 18:13:03,18:11:00
6046,05,112,2024-01-18 18:13:03,18:21:00
6046,06,112,2024-01-18 18:19:10,18:15:00
6046,06,112,2024-01-18 18:19:10,18:25:00
6046,06,112,2024-01-18 17:57:00,17:55:00
6046,06,112,2024-01-18 17:57:00,18:05:00
6046,06,112,2024-01-18 17:48:55,17:45:00
6046,06,112,2024-01-18 17:48:55,17:55:00
6047,03,180,2024-01-18 18:09:02,18:07:00
6048,01,114,2024-01-18 18:40:16,18:38:00
6048,06,171,2024-01-18 17:54:59,18:00:00
6048,06,171,2024-01-18 17:55:49,18:00:00
6048,06,171,2024-01-18 17:56:59,18:00:00
6048,06,171,2024-01-18 17:57:48,18:00:00
6053,01,110,2024-01-18 18:11:02,18:10:00
6057,04,103,2024-01-18 17:52:51,17:51:00
6057,04,210,2024-01-18 18:31:10,18:30:00
6059,21,150,2024-01-18 18:18:04,18:10:00
6059,21,150,2024-01-18 18:18:04,18:20:00
6059,23,156,2024-01-18 17:47:52,17:45:00
6059,23,156,2024-01-18 18:09:01,18:15:00
6059,23,156,2024-01-18 18:21:09,18:15:00
6075,06,132,2024-01-18 18:17:09,18:16:00
6078,02,122,2024-01-18 18:31:13,18:30:00
6082,06,122,2024-01-18 18:22:09,18:25:00
6082,06,157,2024-01-18 18:04:05,18:07:00
6082,06,157,2024-01-18 18:05:06,18:07:00
6086,03,185,2024-01-18 18:17:07,18:16:00
6086,02,197,2024-01-18 18:31:07,18:28:00
6087,02,197,2024-01-18 18:35:15,18:28:00
6087,02,197,2024-01-18 18:35:15,18:40:00
6088,01,122,2024-01-18 18:36:02,18:29:00
6088,01,122,2024-01-18 18:36:02,18:39:00
6088,02,122,2024-01-18 18:07:05,18:04:00
6088,02,122,2024-01-18 18:07:05,18:14:00
6090,02,180,2024-01-18 18:17:10,18:11:00
6090,02,180,2024-01-18 18:17:10,18:23:00
6090,02,180,2024-01-18 17:44:58,17:47:00
6090,02,180,2024-01-18 17:42:53,17:35:00
6090,02,180,2024-01-18 17:42:53,17:47:00
6091,01,180,2024-01-18 18:17:10,18:16:00
6098,01,122,2024-01-18 18:40:12,18:34:00
6098,01,122,2024-01-18 18:40:12,18:44:00
6099,01,114,2024-01-18 18:33:16,18:28:00
6112,03,712,2024-01-18 18:29:05,18:28:00
6115,01,714,2024-01-18 17:59:57,17:57:00
6116,01,210,2024-01-18 18:27:07,18:32:00
6116,01,210,2024-01-18 17:50:52,17:47:00
6116,01,210,2024-01-18 17:54:58,17:47:00
6116,01,210,2024-01-18 17:54:58,18:02:00
6116,01,210,2024-01-18 17:55:55,18:02:00
6116,01,210,2024-01-18 17:59:03,18:02:00
6116,01,210,2024-01-18 17:59:57,18:02:00
6116,01,210,2024-01-18 18:13:02,18:17:00
6116,01,210,2024-01-18 18:14:10,18:17:00
6120,02,210,2024-01-18 17:44:55,17:42:00
6121,02,210,2024-01-18 18:15:06,18:12:00
6131,01,122,2024-01-18 18:13:05,18:11:00
6131,01,122,2024-01-18 18:13:05,18:21:00
6131,02,122,2024-01-18 18:14:05,18:13:00
6131,02,180,2024-01-18 17:50:01,17:44:00
6131,02,180,2024-01-18 17:50:01,17:56:00
6132,01,103,2024-01-18 18:36:11,18:34:00
6132,01,180,2024-01-18 17:59:03,17:57:00
6133,02,181,2024-01-18 18:14:08,18:11:00
6136,01,185,2024-01-18 18:18:02,18:17:00
6143,01,250,2024-01-18 17:50:00,17:49:00
6145,01,114,2024-01-18 18:26:12,18:22:00
6166,02,719,2024-01-18 18:01:03,17:54:00
6166,02,719,2024-01-18 18:01:03,18:09:00
6166,02,719,2024-01-18 18:02:04,17:54:00
6166,02,719,2024-01-18 18:02:04,18:09:00
6166,02,719,2024-01-18 18:05:04,18:09:00
6166,02,719,2024-01-18 18:06:00,18:09:00
6166,02,719,2024-01-18 18:07:05,18:09:00
6171,02,714,2024-01-18 18:24:10,18:23:00
6190,01,203,2024-01-18 17:59:02,17:55:00
6191,01,203,2024-01-18 18:28:10,18:25:00
6223,02,114,2024-01-18 17:54:59,17:57:00
6657,01,750,2024-01-18 18:28:13,18:31:00
6806,02,150,2024-01-18 18:08:02,18:10:00
6806,02,150,2024-01-18 18:08:02,18:15:00
6809,02,150,2024-01-18 17:42:53,17:35:00
6809,02,150,2024-01-18 17:42:53,17:40:00
6809,02,150,2024-01-18 17:42:53,17:50:00
6814,02,L18,2024-01-18 18:13:05,18:12:00
6817,01,L29,2024-01-18 17:57:00,18:05:00
6817,01,L29,2024-01-18 17:57:56,18:05:00
7002,14,117,2024-01-18 17:49:57,17:54:00
7002,01,128,2024-01-18 18:29:07,18:23:00
7002,01,128,2024-01-18 18:29:07,18:33:00
7002,11,507,2024-01-18 18:13:01,18:10:00
7002,11,507,2024-01-18 18:13:01,18:18:00
7002,16,507,2024-01-18 18:04:09,18:00:00
7002,16,507,2024-01-18 18:04:09,18:07:00
7002,16,507,2024-01-18 18:05:04,18:00:00
7002,16,507,2024-01-18 18:05:04,18:07:00
7002,16,507,2024-01-18 18:27:09,18:22:00
7002,16,507,2024-01-18 18:27:09,18:32:00
7002,16,507,2024-01-18 18:28:14,18:22:00
7002,16,507,2024-01-18 18:28:14,18:32:00
7002,16,507,2024-01-18 18:29:09,18:22:00
7002,16,507,2024-01-18 18:29:09,18:32:00
7002,16,507,2024-01-18 18:30:16,18:22:00
7002,16,507,2024-01-18 18:30:16,18:32:00
7002,16,507,2024-01-18 18:33:16,18:32:00
7002,16,507,2024-01-18 18:34:12,18:32:00
7002,16,507,2024-01-18 18:34:12,18:42:00
7002,16,507,2024-01-18 18:40:17,18:32:00
7002,16,507,2024-01-18 18:40:17,18:42:00
7002,06,ZA1,2024-01-18 17:55:00,18:00:00
7002,06,ZA1,2024-01-18 17:55:53,18:00:00
7002,06,ZA1,2024-01-18 17:57:02,18:00:00
7002,06,ZA1,2024-01-18 17:57:56,18:00:00
7002,06,ZA1,2024-01-18 18:40:16,18:45:00
7006,02,143,2024-01-18 18:05:56,18:02:00
7006,02,143,2024-01-18 18:05:56,18:12:00
7006,08,520,2024-01-18 18:11:04,18:07:00
7006,08,520,2024-01-18 18:11:04,18:17:00
7009,02,523,2024-01-18 18:29:09,18:27:00
7009,02,523,2024-01-18 18:29:09,18:35:00
7011,02,131,2024-01-18 18:07:05,18:02:00
7011,02,131,2024-01-18 18:07:05,18:09:00
7013,06,127,2024-01-18 18:33:12,18:35:00
7013,15,128,2024-01-18 18:07:06,18:06:00
7013,15,175,2024-01-18 18:02:04,18:00:00
7013,15,175,2024-01-18 18:02:04,18:10:00
7013,15,175,2024-01-18 18:38:14,18:30:00
7013,15,175,2024-01-18 18:38:14,18:40:00
7013,04,520,2024-01-18 18:17:09,18:14:00
7013,04,520,2024-01-18 18:17:09,18:24:00
7015,04,106,2024-01-18 18:05:51,18:00:00
7015,04,106,2024-01-18 18:05:51,18:09:00
7015,01,107,2024-01-18 18:27:06,18:29:00
7016,01,520,2024-01-18 17:57:02,17:52:00
7016,01,520,2024-01-18 17:57:02,18:02:00
7016,01,520,2024-01-18 17:59:04,17:52:00
7016,01,520,2024-01-18 17:59:04,18:02:00
7016,01,520,2024-01-18 18:00:01,17:52:00
7016,01,520,2024-01-18 18:00:01,18:02:00
7016,01,520,2024-01-18 18:30:15,18:22:00
7016,01,520,2024-01-18 18:30:15,18:34:00
7016,01,520,2024-01-18 17:50:53,17:52:00
7016,01,520,2024-01-18 18:09:03,18:02:00
7016,01,520,2024-01-18 18:09:03,18:12:00
7016,01,520,2024-01-18 18:10:09,18:02:00
7016,01,520,2024-01-18 18:10:09,18:12:00
7017,04,180,2024-01-18 17:42:52,17:44:00
7018,03,157,2024-01-18 18:21:11,18:19:00
7023,02,111,2024-01-18 18:18:06,18:14:00
7023,02,111,2024-01-18 18:18:06,18:26:00
7023,02,180,2024-01-18 18:34:09,18:33:00
7025,04,106,2024-01-18 18:06:54,18:01:00
7025,04,106,2024-01-18 18:06:54,18:10:00
7025,04,106,2024-01-18 17:48:55,17:41:00
7025,04,106,2024-01-18 17:48:55,17:51:00
7033,02,117,2024-01-18 18:01:57,17:56:00
7033,02,117,2024-01-18 18:01:57,18:10:00
7033,02,517,2024-01-18 18:08:00,18:10:00
7036,01,131,2024-01-18 18:04:09,17:57:00
7036,01,131,2024-01-18 18:04:09,18:12:00
7037,01,116,2024-01-18 18:19:12,18:17:00
7037,01,116,2024-01-18 18:19:12,18:27:00
7040,02,503,2024-01-18 18:13:02,18:05:00
7040,02,503,2024-01-18 18:13:02,18:15:00
7044,02,128,2024-01-18 17:57:55,17:55:00
7044,02,128,2024-01-18 17:57:55,18:05:00
7045,02,116,2024-01-18 18:15:03,18:09:00
7045,02,116,2024-01-18 18:15:03,18:19:00
7045,02,180,2024-01-18 17:55:00,17:48:00
7045,02,180,2024-01-18 17:55:00,18:00:00
7046,02,180,2024-01-18 18:18:05,18:13:00
7046,02,180,2024-01-18 18:18:05,18:25:00
7046,01,503,2024-01-18 17:49:59,17:51:00
7046,02,503,2024-01-18 17:47:55,17:42:00
7046,02,503,2024-01-18 17:47:55,17:52:00
7049,02,180,2024-01-18 18:02:05,17:57:00
7049,02,180,2024-01-18 18:02:05,18:09:00
7064,01,127,2024-01-18 18:07:09,18:04:00
7065,02,118,2024-01-18 18:20:00,18:17:00
7069,04,127,2024-01-18 18:27:06,18:26:00
7069,02,162,2024-01-18 18:30:16,18:23:00
7069,02,162,2024-01-18 18:30:16,18:38:00
7070,01,108,2024-01-18 18:00:00,17:59:00
7071,02,143,2024-01-18 17:42:49,17:38:00
7071,02,143,2024-01-18 17:42:49,17:48:00
7073,01,162,2024-01-18 18:17:08,18:11:00
7073,01,162,2024-01-18 18:17:08,18:25:00
7073,02,185,2024-01-18 18:26:14,18:25:00
7074,01,141,2024-01-18 18:40:17,18:37:00
7076,02,143,2024-01-18 18:18:04,18:17:00
7076,07,517,2024-01-18 18:04:09,17:59:00
7076,07,517,2024-01-18 18:07:10,17:59:00
7076,07,517,2024-01-18 18:07:10,18:14:00
7076,07,517,2024-01-18 18:08:02,18:14:00
7076,07,517,2024-01-18 18:10:08,18:14:00
7079,04,162,2024-01-18 18:28:15,18:22:00
7082,04,107,2024-01-18 18:32:08,18:37:00
7085,02,190,2024-01-18 18:17:05,18:14:00
7085,02,190,2024-01-18 18:17:05,18:22:00
7091,04,500,2024-01-18 18:30:10,18:26:00
7091,04,500,2024-01-18 18:30:10,18:36:00
7091,04,500,2024-01-18 18:31:10,18:26:00
7091,04,500,2024-01-18 18:31:10,18:36:00
7091,04,500,2024-01-18 18:31:51,18:26:00
7091,04,500,2024-01-18 18:31:51,18:36:00
7091,04,500,2024-01-18 18:33:11,18:26:00
7091,04,500,2024-01-18 18:33:11,18:36:00
7091,04,500,2024-01-18 18:33:52,18:26:00
7091,04,500,2024-01-18 18:33:52,18:36:00
7094,02,167,2024-01-18 17:55:00,17:54:00
